image,label,tileId,h,s,v,r,g,b
1,grassland,0,43.0,217.0,157.0,100.0,157.0,23.0
1,lake,1,105.0,254.0,186.0,1.0,91.0,186.0
1,forest,2,48.0,158.0,52.0,33.0,52.0,19.0
1,forest,3,47.0,147.0,54.0,36.0,54.0,22.0
1,forest,4,49.0,155.0,53.0,33.0,53.0,20.0
1,grassland,5,44.0,214.0,157.0,95.0,157.0,24.0
1,forest,6,49.0,164.0,51.0,30.0,51.0,17.0
1,forest,7,47.0,168.0,56.0,34.0,56.0,18.0
1,forest,8,37.0,164.0,61.0,51.0,56.0,19.0
1,grassland,9,43.0,216.0,152.0,98.0,152.0,24.0
1,grassland,10,41.0,210.0,155.0,109.0,155.0,28.0
1,swamp,11,23.0,126.0,111.0,111.0,99.0,56.0
1,home,12,28.0,88.0,143.0,142.0,138.0,90.0
1,forest,13,46.0,174.0,51.0,32.0,51.0,16.0
1,grassland,14,41.0,224.0,148.0,101.0,148.0,18.0
1,grassland,15,43.0,225.0,152.0,97.0,152.0,18.0
1,swamp,16,22.0,138.0,111.0,110.0,97.0,50.0
1,lake,17,105.0,252.0,181.0,2.0,92.0,181.0
1,grassland,18,36.0,216.0,143.0,123.0,132.0,22.0
1,grassland,19,39.0,230.0,141.0,101.0,136.0,14.0
1,forest,20,52.0,92.0,54.0,40.0,54.0,33.0
1,lake,21,105.0,228.0,155.0,16.0,86.0,144.0
1,lake,22,107.0,227.0,143.0,15.0,74.0,139.0
1,grassland,23,38.0,213.0,129.0,101.0,122.0,22.0
1,field,24,26.0,247.0,198.0,198.0,173.0,6.0
2,field,0,26.0,252.0,178.0,178.0,156.0,2.0
2,swamp,1,26.0,65.0,113.0,112.0,108.0,84.0
2,field,2,26.0,249.0,178.0,178.0,155.0,4.0
2,mine,3,24.0,119.0,44.0,44.0,30.0,17.0
2,swamp,4,23.0,128.0,103.0,103.0,92.0,51.0
2,mine,5,24.0,82.0,39.0,38.0,33.5,21.0
2,swamp,6,23.0,132.0,89.0,88.0,78.0,41.0
2,field,7,26.0,252.0,183.0,183.0,159.0,2.0
2,field,8,26.0,249.0,181.0,181.0,157.0,4.0
2,forest,9,50.0,151.0,42.0,25.0,42.0,15.0
2,mine,10,24.0,96.0,50.0,50.0,36.0,21.0
2,swamp,11,23.0,131.0,103.0,103.0,92.0,52.0
2,home,12,21.0,56.0,123.0,123.0,113.0,93.0
2,field,13,26.0,248.0,185.0,185.0,160.0,5.0
2,field,14,26.0,249.0,184.0,184.0,161.0,4.0
2,mine,15,24.0,102.0,54.0,53.0,36.0,21.0
2,mine,16,24.0,116.0,79.0,79.0,48.0,25.0
2,grassland,17,43.0,223.0,150.0,95.0,150.0,19.0
2,grassland,18,45.0,223.0,144.0,82.0,144.0,18.0
2,field,19,25.0,244.0,178.0,178.0,152.0,8.0
2,field,20,26.0,248.0,193.0,193.0,170.0,5.0
2,field,21,26.0,245.0,192.0,192.0,170.0,8.0
2,swamp,22,22.0,162.0,110.0,110.0,92.0,39.0
2,swamp,23,26.0,110.0,118.0,118.0,109.0,66.0
2,grassland,24,42.0,220.0,142.0,93.0,142.0,19.0
3,swamp,0,22.0,136.0,95.0,95.0,83.0,43.0
3,field,1,25.0,244.0,170.0,170.0,146.0,8.0
3,forest,2,48.0,158.0,42.0,26.0,42.0,14.0
3,forest,3,50.0,127.0,36.0,24.0,36.0,16.0
3,forest,4,51.0,133.0,34.0,21.0,34.0,15.0
3,field,5,26.0,249.0,186.0,186.0,162.0,4.0
3,field,6,26.0,237.0,183.0,183.0,159.0,13.0
3,forest,7,39.0,113.0,49.0,40.0,45.0,24.0
3,forest,8,52.0,127.0,37.0,24.0,37.0,18.0
3,forest,9,51.0,137.0,37.0,23.0,37.0,16.0
3,mine,10,24.0,59.0,36.0,36.0,33.0,25.0
3,field,11,25.0,240.0,173.0,173.0,147.0,10.0
3,home,12,30.0,60.0,112.0,109.0,109.0,83.0
3,forest,13,48.0,149.0,36.0,23.0,36.0,14.0
3,lake,14,106.0,252.0,140.0,3.0,65.0,137.0
3,field,15,26.0,248.0,189.0,189.0,164.0,5.0
3,forest,16,35.0,170.0,51.0,43.0,45.0,15.0
3,forest,17,46.0,182.0,40.0,24.0,40.0,10.0
3,forest,18,36.0,179.0,48.0,38.0,44.0,12.0
3,lake,19,107.0,253.0,152.0,1.0,66.0,152.0
3,lake,20,106.0,253.0,161.0,1.0,76.0,161.0
3,lake,21,106.0,255.0,165.0,0.0,76.0,165.0
3,lake,22,106.0,252.0,150.0,3.0,72.0,148.0
3,forest,23,47.0,155.0,39.0,24.0,38.0,13.0
3,lake,24,106.0,250.0,122.0,4.0,62.0,108.0
4,lake,0,105.0,241.0,142.0,10.0,74.0,127.0
4,field,1,26.0,240.0,196.0,196.0,172.0,12.0
4,field,2,26.0,240.0,189.0,189.0,164.0,11.0
4,swamp,3,23.0,109.0,128.0,128.0,114.0,72.0
4,field,4,26.0,248.0,191.0,191.0,169.0,5.0
4,lake,5,105.0,252.0,166.0,2.0,83.0,166.0
4,field,6,26.0,242.0,189.0,189.0,165.0,9.0
4,grassland,7,37.0,226.0,139.0,112.0,128.0,16.0
4,grassland,8,44.0,204.0,145.0,91.0,145.0,30.0
4,field,9,26.0,247.0,191.0,191.0,167.0,6.0
4,lake,10,106.0,254.0,170.0,1.0,83.0,170.0
4,field,11,26.0,239.0,194.0,194.0,170.0,12.0
4,field,12,26.0,251.0,193.0,193.0,171.0,3.0
4,field,13,26.0,236.0,191.0,191.0,168.0,14.0
4,field,14,26.0,243.0,190.0,190.0,166.0,9.0
4,lake,15,105.0,239.0,143.0,10.5,76.0,128.0
4,field,16,26.0,235.0,192.0,192.0,169.0,15.0
4,field,17,26.0,247.0,191.0,191.0,168.0,6.0
4,forest,18,36.0,163.0,56.0,44.0,50.0,18.0
4,forest,19,35.0,155.0,54.0,44.0,48.0,18.0
4,lake,20,105.0,254.0,175.0,1.0,86.0,175.0
4,lake,21,105.0,254.0,173.0,1.0,86.0,173.0
4,home,22,30.0,59.0,124.0,114.0,117.0,102.0
4,lake,23,106.0,255.0,167.0,0.0,80.0,167.0
4,lake,24,106.0,255.0,165.0,0.0,79.0,165.0
5,grassland,0,43.0,213.0,162.0,104.0,162.0,27.0
5,lake,1,105.0,252.0,191.0,2.0,96.0,191.0
5,forest,2,48.0,155.0,58.0,37.0,58.0,22.0
5,forest,3,46.0,147.0,59.0,40.0,59.0,24.0
5,forest,4,48.0,162.0,59.0,36.0,59.0,21.0
5,grassland,5,44.0,210.0,162.0,99.0,162.0,28.0
5,forest,6,48.0,164.0,56.0,33.0,56.0,18.0
5,forest,7,47.0,170.0,61.0,38.0,61.0,19.0
5,forest,8,36.0,162.0,67.0,56.0,60.0,21.0
5,grassland,9,42.0,213.0,160.0,105.0,160.0,26.0
5,grassland,10,41.0,207.0,161.0,114.0,161.0,30.0
5,swamp,11,23.0,119.0,106.0,105.0,94.0,59.0
5,home,12,31.0,122.0,68.0,58.0,60.0,40.0
5,forest,13,46.0,166.0,55.0,35.0,55.0,18.0
5,grassland,14,40.0,219.0,155.0,108.0,155.0,22.0
5,grassland,15,43.0,221.0,157.0,101.0,157.0,21.0
5,swamp,16,23.0,139.0,117.0,116.0,102.0,52.0
5,lake,17,105.0,250.0,187.0,3.0,98.0,187.0
5,grassland,18,37.0,212.0,150.0,126.0,140.0,25.0
5,grassland,19,38.0,227.0,150.0,110.0,145.0,17.0
5,forest,20,51.0,94.0,59.0,43.0,59.0,35.0
5,lake,21,105.0,226.0,161.0,18.0,90.0,149.0
5,lake,22,106.0,227.0,153.0,17.0,81.0,152.0
5,grassland,23,38.0,208.0,139.0,107.0,133.0,26.0
5,field,24,26.0,244.0,205.0,205.0,179.0,9.0
6,field,0,26.0,250.0,186.0,186.0,163.0,4.0
6,swamp,1,26.0,66.0,121.0,121.0,117.0,89.0
6,field,2,26.0,244.0,185.0,185.0,163.0,7.0
6,mine,3,24.0,119.0,51.0,51.0,35.0,18.0
6,swamp,4,24.0,128.0,111.0,111.0,101.0,56.0
6,mine,5,25.0,81.0,40.0,39.0,36.0,23.0
6,swamp,6,23.0,138.5,97.0,97.0,85.0,44.0
6,field,7,26.0,200.0,81.0,79.0,77.0,17.0
6,field,8,26.0,246.0,189.0,189.0,163.0,7.0
6,forest,9,50.0,150.0,48.0,29.0,48.0,18.0
6,mine,10,24.0,91.0,52.0,52.0,39.0,24.0
6,swamp,11,23.0,134.0,106.0,106.0,93.0,52.0
6,home,12,28.0,106.0,78.0,74.0,71.0,46.0
6,field,13,26.0,246.0,192.0,192.0,167.0,7.0
6,field,14,26.0,245.0,192.0,192.0,168.0,8.0
6,mine,15,24.0,96.0,58.0,58.0,39.0,22.0
6,mine,16,24.0,113.0,84.0,84.0,50.0,28.0
6,grassland,17,43.0,219.0,159.0,102.0,159.0,22.0
6,grassland,18,45.0,218.0,153.0,89.0,153.0,22.0
6,field,19,26.0,239.0,187.0,187.0,161.0,12.0
6,field,20,26.0,245.0,199.0,199.0,176.0,8.0
6,field,21,26.0,241.0,199.0,199.0,176.0,11.0
6,swamp,22,22.0,160.0,119.0,119.0,100.0,43.0
6,swamp,23,26.0,107.0,128.0,127.0,119.0,73.0
6,grassland,24,42.0,216.0,152.0,101.0,152.0,23.0
7,swamp,0,22.0,134.0,105.0,105.0,92.0,48.0
7,field,1,25.0,238.0,182.0,182.0,156.0,12.0
7,forest,2,47.0,159.0,48.0,30.0,48.0,16.0
7,forest,3,50.0,133.0,41.0,27.0,41.0,18.0
7,forest,4,51.0,135.0,40.0,25.0,40.0,17.0
7,field,5,26.0,245.0,195.0,195.0,170.0,8.0
7,field,6,26.0,232.0,192.0,192.0,167.0,17.0
7,forest,7,40.0,107.0,52.0,42.0,46.0,28.0
7,forest,8,52.0,111.0,43.0,29.0,43.0,22.0
7,forest,9,51.0,133.0,43.0,27.0,43.0,19.0
7,mine,10,24.0,61.0,40.0,40.0,37.0,28.0
7,field,11,25.0,234.0,179.0,179.0,154.0,15.0
7,home,12,31.0,101.0,64.0,58.0,62.0,38.0
7,forest,13,49.0,134.0,42.0,28.0,41.0,17.0
7,lake,14,106.0,251.0,153.0,4.0,74.0,151.0
7,field,15,26.0,243.0,197.0,197.0,172.0,9.0
7,forest,16,36.0,165.0,59.0,49.0,52.0,18.0
7,forest,17,46.0,182.0,46.0,28.0,46.0,12.0
7,forest,18,37.0,179.0,54.0,43.0,50.0,14.0
7,lake,19,106.0,254.0,163.0,1.0,76.0,163.0
7,lake,20,105.0,253.0,173.0,2.0,85.0,173.0
7,lake,21,105.0,255.0,175.0,0.0,85.0,175.0
7,lake,22,105.0,251.0,161.0,4.0,82.0,158.0
7,forest,23,46.0,155.0,45.0,29.0,45.0,16.0
7,lake,24,106.0,249.0,136.0,5.0,70.0,122.0
8,lake,0,105.0,239.0,154.0,11.0,83.0,138.0
8,field,1,26.0,236.0,203.0,203.0,178.0,15.0
8,field,2,26.0,236.0,197.0,197.0,171.0,14.0
8,swamp,3,23.0,108.0,137.0,137.0,123.0,78.0
8,field,4,26.0,243.0,200.0,200.0,176.0,9.0
8,lake,5,105.0,249.0,174.0,4.0,90.0,174.0
8,field,6,26.0,239.0,198.0,198.0,172.0,12.0
8,grassland,7,37.0,219.0,147.0,120.0,136.0,21.0
8,grassland,8,44.0,201.0,154.0,99.0,154.0,33.0
8,field,9,26.0,242.0,199.0,199.0,174.0,10.0
8,lake,10,105.0,252.0,180.0,2.0,90.0,180.0
8,field,11,26.0,236.0,202.0,202.0,177.0,15.0
8,field,12,26.0,247.0,201.0,201.0,177.0,6.0
8,field,13,26.0,232.0,199.0,199.0,175.0,18.0
8,field,14,26.0,240.0,198.0,198.0,173.0,12.0
8,lake,15,105.0,235.0,152.0,14.0,82.0,137.0
8,field,16,26.0,231.0,200.0,200.0,175.0,19.0
8,field,17,26.0,241.0,200.0,200.0,175.0,11.0
8,forest,18,36.0,159.0,63.0,50.0,56.0,20.0
8,forest,19,35.0,145.0,61.0,50.0,54.0,22.0
8,lake,20,105.0,252.0,184.0,2.0,92.0,184.0
8,lake,21,105.0,252.0,181.0,2.0,91.0,181.0
8,home,22,34.0,49.0,89.0,77.0,83.0,74.0
8,lake,23,106.0,255.0,172.0,0.0,83.0,172.0
8,lake,24,106.0,254.0,176.0,1.0,85.0,176.0
9,unknown,0,21.0,168.0,160.0,160.0,127.0,55.0
9,mine,1,24.0,87.0,48.0,48.0,34.0,23.0
9,field,2,27.0,245.0,193.0,193.0,173.0,8.0
9,field,3,26.0,239.0,185.0,185.0,162.0,11.0
9,grassland,4,42.0,223.0,149.0,97.0,149.0,18.0
9,field,5,26.0,247.0,193.0,193.0,171.0,6.0
9,grassland,6,39.0,231.0,138.0,97.0,134.0,13.0
9,lake,7,105.0,252.0,163.0,2.0,82.0,163.0
9,field,8,26.0,242.0,188.0,188.0,165.0,9.0
9,forest,9,37.0,173.0,59.0,48.0,52.0,16.0
9,unknown,10,21.0,168.0,159.0,159.0,127.0,55.0
9,grassland,11,42.0,211.0,154.0,105.0,154.0,27.0
9,grassland,12,36.0,222.0,142.0,118.0,130.0,19.0
9,field,13,27.0,249.0,195.0,195.0,174.0,5.0
9,field,14,26.0,244.0,194.0,194.0,172.0,8.0
9,field,15,27.0,239.0,193.0,193.0,173.0,12.0
9,swamp,16,23.0,127.0,110.0,109.0,99.0,53.0
9,field,17,26.0,242.0,194.0,194.0,173.0,10.0
9,field,18,26.0,243.0,195.0,195.0,172.0,9.0
9,home,19,28.0,94.0,141.0,140.0,136.0,86.0
9,swamp,20,23.0,110.0,113.0,112.0,103.0,63.0
9,swamp,21,23.0,89.0,132.0,132.0,121.0,83.0
9,field,22,26.0,231.0,187.0,187.0,165.0,18.0
9,field,23,26.0,234.0,195.0,195.0,172.0,16.0
9,lake,24,105.0,253.0,162.0,1.0,80.0,162.0
10,field,0,26.0,246.0,157.0,157.0,136.0,6.0
10,mine,1,24.0,95.5,33.0,33.0,30.0,18.0
10,mine,2,24.0,116.0,38.0,37.0,25.0,12.0
10,mine,3,25.0,106.0,40.0,40.0,27.0,14.0
10,unknown,4,20.0,224.0,122.0,122.0,87.0,14.0
10,lake,5,107.0,254.0,155.0,1.0,69.0,155.0
10,forest,6,35.0,187.0,44.0,34.0,39.0,9.0
10,swamp,7,23.0,149.0,89.0,89.0,79.0,38.0
10,swamp,8,24.0,136.0,101.0,101.0,92.0,47.0
10,unknown,9,20.0,217.0,125.0,125.0,90.0,18.0
10,lake,10,107.0,253.0,153.0,1.0,68.0,153.0
10,lake,11,107.0,255.0,159.0,0.0,72.0,159.0
10,home,12,22.0,60.0,116.0,116.0,108.0,86.0
10,swamp,13,23.0,156.0,85.0,84.0,74.0,34.0
10,field,14,27.0,254.0,178.0,178.0,158.0,1.0
10,lake,15,106.0,255.0,167.0,0.0,79.0,167.0
10,lake,16,105.0,252.0,149.0,3.0,76.0,144.0
10,forest,17,47.0,198.0,43.0,24.0,43.0,9.0
10,field,18,26.0,242.0,182.0,182.0,160.0,9.0
10,field,19,26.0,248.0,182.0,182.0,159.0,5.0
10,lake,20,105.0,254.0,171.0,1.0,84.0,171.0
10,lake,21,105.0,252.0,157.0,3.0,79.0,156.0
10,forest,22,48.0,187.0,46.0,26.0,46.0,11.0
10,forest,23,40.0,136.0,54.0,42.0,51.0,22.0
10,forest,24,50.0,154.0,46.0,29.0,46.0,17.0
11,forest,0,49.0,155.0,46.0,28.0,46.0,16.0
11,forest,1,36.0,143.0,48.0,40.0,44.0,19.0
11,forest,2,50.0,153.0,38.0,22.0,38.0,14.0
11,forest,3,49.0,145.0,38.0,23.0,38.0,15.0
11,forest,4,52.0,137.0,32.0,19.0,32.0,14.0
11,lake,5,106.0,245.0,121.0,9.0,61.0,104.0
11,field,6,26.0,248.0,182.0,182.0,158.0,5.0
11,field,7,26.0,247.0,171.0,171.0,148.0,5.0
11,forest,8,49.0,143.0,39.0,25.0,39.0,16.0
11,forest,9,52.0,124.0,34.0,22.0,34.0,16.0
11,lake,10,105.0,246.0,128.0,7.0,67.0,110.0
11,field,11,26.0,244.0,182.0,182.0,160.0,8.0
11,field,12,26.0,252.0,179.0,179.0,157.0,2.0
11,forest,13,38.0,163.0,45.0,34.0,41.0,14.0
11,home,14,33.0,61.0,101.0,98.0,98.0,75.0
11,lake,15,107.0,252.0,132.0,2.0,62.0,132.0
11,grassland,16,39.0,235.0,111.0,79.0,108.0,9.0
11,grassland,17,43.0,229.0,132.0,81.0,132.0,13.0
11,forest,18,35.0,162.0,44.0,38.0,40.0,14.0
11,forest,19,50.0,155.0,36.0,21.0,36.0,13.0
11,unknown,20,21.0,199.0,146.0,146.0,110.0,32.0
11,unknown,21,21.0,196.0,145.0,145.0,111.0,33.0
11,grassland,22,41.0,234.0,127.0,84.0,126.0,10.0
11,forest,23,46.0,165.0,36.0,24.0,36.0,13.0
11,forest,24,46.0,160.0,39.0,25.0,39.0,13.0
12,field,0,26.0,246.0,193.0,193.0,172.0,7.0
12,field,1,26.0,247.0,192.0,192.0,168.0,6.0
12,grassland,2,45.0,226.0,151.0,84.0,151.0,17.0
12,grassland,3,43.0,224.0,154.0,96.0,154.0,19.0
12,unknown,4,21.0,200.0,148.0,148.0,111.0,32.0
12,forest,5,50.0,125.0,51.0,34.0,50.0,24.0
12,lake,6,105.0,247.0,145.0,6.0,79.0,133.0
12,lake,7,105.0,254.0,171.0,1.0,87.0,171.0
12,lake,8,105.0,255.0,174.0,0.0,86.0,174.0
12,unknown,9,20.0,209.0,143.0,143.0,105.0,26.0
12,grassland,10,44.0,218.0,156.0,92.0,156.0,22.0
12,grassland,11,42.0,237.0,148.0,93.0,148.0,10.0
12,grassland,12,37.0,225.0,136.0,108.0,125.0,16.0
12,forest,13,46.0,176.0,51.0,30.0,51.0,15.0
12,lake,14,105.0,255.0,171.0,0.0,83.0,171.0
12,grassland,15,43.0,221.0,156.0,98.0,156.0,21.0
12,swamp,16,23.0,155.0,101.0,101.0,88.0,39.0
12,grassland,17,45.0,206.0,145.0,89.0,145.0,28.0
12,field,18,26.0,237.0,189.0,189.0,167.0,14.0
12,lake,19,106.0,255.0,169.0,0.0,82.0,169.0
12,swamp,20,22.0,153.0,113.0,113.0,95.0,44.0
12,swamp,21,26.0,105.0,121.0,121.0,114.0,70.0
12,home,22,29.0,57.0,125.0,117.0,120.0,102.0
12,field,23,26.0,242.0,187.0,187.0,166.0,10.0
12,lake,24,105.0,247.0,136.0,6.0,70.0,121.0
13,unknown,0,21.0,166.0,157.0,157.0,126.0,55.0
13,mine,1,25.0,84.5,55.0,55.0,37.0,23.0
13,field,2,27.0,245.0,191.0,191.0,171.0,7.0
13,field,3,26.0,239.0,183.0,183.0,162.0,12.0
13,grassland,4,42.0,222.0,148.0,95.0,148.0,19.0
13,field,5,27.0,247.0,190.0,190.0,170.0,6.0
13,grassland,6,39.0,230.0,135.0,97.0,131.0,13.0
13,lake,7,106.0,253.0,163.0,1.0,80.0,163.0
13,field,8,26.0,243.0,185.0,185.0,163.0,9.0
13,forest,9,36.0,171.0,58.0,48.0,52.0,16.0
13,unknown,10,21.0,167.0,157.0,157.0,125.0,54.0
13,grassland,11,42.0,211.0,152.0,104.0,152.0,26.0
13,grassland,12,37.0,219.0,136.0,113.0,127.0,20.0
13,field,13,27.0,248.0,192.0,192.0,172.0,5.0
13,field,14,26.0,244.0,192.0,192.0,171.0,8.0
13,field,15,27.0,238.0,191.0,191.0,171.0,13.0
13,swamp,16,23.0,122.0,108.0,108.0,98.0,54.0
13,field,17,27.0,242.0,192.0,192.0,172.0,10.0
13,field,18,26.0,245.0,191.0,191.0,168.0,7.0
13,home,19,28.0,116.0,54.0,53.0,51.0,29.0
13,swamp,20,24.0,109.0,109.0,108.0,99.0,60.0
13,swamp,21,24.0,86.0,128.0,128.0,118.0,83.0
13,field,22,26.0,231.0,185.0,185.0,164.0,17.0
13,field,23,26.0,235.0,192.0,192.0,170.0,15.0
13,lake,24,105.0,254.0,162.0,1.0,80.0,162.0
14,field,0,26.0,246.0,155.0,155.0,133.0,5.0
14,mine,1,24.0,87.0,31.0,31.0,29.0,17.0
14,mine,2,24.0,121.0,42.0,41.0,27.0,13.0
14,mine,3,24.0,115.0,42.0,42.0,28.0,14.0
14,unknown,4,20.0,222.0,121.0,121.0,86.0,15.0
14,lake,5,107.0,253.0,156.0,1.0,67.0,156.0
14,forest,6,36.0,181.0,43.0,33.0,39.0,10.0
14,swamp,7,24.0,131.0,78.0,76.0,66.0,45.0
14,swamp,8,24.0,133.0,98.0,98.0,89.0,47.0
14,unknown,9,20.0,216.0,124.0,124.0,89.0,19.0
14,lake,10,107.0,253.0,153.0,1.0,67.0,153.0
14,lake,11,107.0,255.0,157.0,0.0,69.0,157.0
14,home,12,30.0,104.0,63.0,54.0,53.0,45.0
14,swamp,13,23.0,151.0,76.0,76.0,64.0,29.0
14,field,14,26.0,254.0,177.0,177.0,156.0,1.0
14,lake,15,106.0,255.0,167.0,0.0,77.0,167.0
14,lake,16,106.0,251.0,150.0,3.0,76.0,148.0
14,forest,17,48.0,188.0,42.0,24.0,42.0,10.0
14,field,18,26.0,241.0,181.0,181.0,159.0,10.0
14,field,19,26.0,248.0,180.0,180.0,158.0,5.0
14,lake,20,106.0,254.0,171.0,1.0,82.0,171.0
14,lake,21,106.0,252.0,157.0,3.0,78.0,157.0
14,forest,22,48.0,179.0,45.0,25.0,45.0,11.0
14,forest,23,41.0,133.0,54.0,42.0,51.0,23.0
14,forest,24,51.0,143.0,44.0,28.0,44.0,18.0
15,forest,0,49.0,149.0,43.0,27.0,43.0,16.0
15,forest,1,37.0,130.0,47.0,39.0,43.0,19.0
15,forest,2,51.0,142.0,38.0,22.0,38.0,15.0
15,forest,3,50.0,135.0,38.0,23.0,38.0,16.0
15,forest,4,53.0,128.0,32.0,19.0,32.0,15.0
15,lake,5,106.0,247.0,122.0,6.0,62.0,108.0
15,field,6,26.0,249.0,179.0,179.0,157.0,4.0
15,field,7,26.0,248.0,167.0,167.0,145.0,4.0
15,forest,8,49.0,143.0,38.0,24.0,38.0,15.0
15,forest,9,53.0,118.0,36.0,23.0,35.5,17.0
15,lake,10,106.0,248.0,126.0,5.0,67.0,113.0
15,field,11,26.0,244.0,179.0,179.0,159.0,8.0
15,field,12,26.0,254.0,177.0,177.0,155.0,1.0
15,forest,13,38.0,147.0,37.0,31.0,30.0,11.0
15,home,14,30.0,83.0,45.0,42.0,43.0,30.0
15,lake,15,107.0,252.0,129.0,2.0,60.0,129.0
15,grassland,16,40.0,234.0,108.0,76.0,104.0,9.0
15,grassland,17,43.0,229.0,129.0,78.0,129.0,13.0
15,forest,18,36.0,149.0,44.0,38.0,40.0,16.0
15,forest,19,51.0,155.0,35.0,20.0,35.0,13.0
15,unknown,20,21.0,200.0,143.0,143.0,108.0,31.0
15,unknown,21,21.0,194.0,142.0,142.0,109.0,34.0
15,grassland,22,41.0,235.0,124.0,81.0,124.0,10.0
15,forest,23,47.0,151.5,35.0,23.0,35.0,13.0
15,forest,24,48.0,147.0,37.0,23.0,37.0,14.0
16,field,0,27.0,246.0,191.0,191.0,170.0,7.0
16,field,1,26.0,247.0,189.0,189.0,167.0,6.0
16,grassland,2,45.0,227.0,149.0,82.0,149.0,16.0
16,grassland,3,43.0,224.0,152.0,93.0,152.0,19.0
16,unknown,4,21.0,200.0,145.0,145.0,109.0,31.0
16,forest,5,50.0,125.0,49.0,33.0,49.0,24.0
16,lake,6,105.0,247.0,141.0,5.0,76.0,130.5
16,lake,7,105.0,254.0,169.0,1.0,84.0,169.0
16,lake,8,105.0,255.0,172.0,0.0,84.0,172.0
16,unknown,9,20.0,209.0,140.0,140.0,103.0,25.0
16,grassland,10,44.0,218.0,153.0,89.0,153.0,22.0
16,grassland,11,43.0,238.0,145.0,89.0,145.0,10.0
16,grassland,12,37.0,228.0,132.0,105.0,122.0,15.0
16,forest,13,48.0,173.0,49.0,29.0,49.0,15.0
16,lake,14,105.0,255.0,167.0,0.0,81.0,167.0
16,grassland,15,43.0,222.0,154.0,95.0,154.0,20.0
16,swamp,16,23.0,153.0,98.0,98.0,85.0,37.0
16,grassland,17,45.0,205.0,142.0,87.0,142.0,28.0
16,field,18,26.0,237.0,185.0,185.0,165.0,13.0
16,lake,19,106.0,255.0,165.0,0.0,79.0,165.0
16,swamp,20,22.0,153.0,109.0,109.0,92.0,43.0
16,swamp,21,26.0,106.0,114.0,114.0,106.0,65.0
16,home,22,29.0,55.0,78.0,74.0,75.0,62.0
16,field,23,26.0,245.0,182.0,182.0,161.0,7.0
16,lake,24,105.0,248.0,133.0,5.0,69.0,119.0
17,swamp,0,22.0,168.0,122.0,122.0,103.0,41.0
17,grassland,1,42.0,223.0,164.0,107.0,164.0,21.0
17,swamp,2,23.0,147.0,117.0,117.0,103.0,50.0
17,field,3,27.0,245.0,204.0,204.0,181.0,8.0
17,forest,4,48.0,170.0,58.0,35.0,58.0,18.0
17,swamp,5,25.0,121.0,131.0,131.0,120.0,68.0
17,grassland,6,43.0,217.0,164.0,101.0,164.0,24.0
17,swamp,7,26.0,68.0,144.0,144.0,139.0,105.0
17,field,8,26.0,230.0,205.0,205.0,182.0,20.0
17,forest,9,48.0,167.0,58.0,35.0,58.0,19.0
17,swamp,10,23.0,153.0,115.0,114.0,101.0,46.0
17,grassland,11,42.0,231.0,158.0,101.0,158.0,15.0
17,home,12,30.0,58.0,142.0,132.0,136.0,115.0
17,field,13,26.0,239.0,206.0,206.0,181.0,13.0
17,forest,14,35.0,170.0,73.0,61.0,66.0,21.0
17,swamp,15,23.0,132.0,115.0,114.0,101.0,56.0
17,grassland,16,39.0,211.0,138.0,104.0,134.0,24.0
17,lake,17,106.0,237.0,158.0,11.0,80.0,158.0
17,lake,18,104.0,242.0,178.0,12.0,99.0,174.0
17,forest,19,46.0,188.0,64.0,38.0,64.0,16.0
17,field,20,26.0,235.0,201.0,201.0,177.0,16.0
17,grassland,21,37.0,198.0,149.0,127.0,139.0,35.0
17,lake,22,104.0,243.0,190.0,9.0,103.0,190.0
17,lake,23,105.0,244.0,193.0,8.0,102.0,193.0
17,lake,24,104.0,243.0,194.0,9.0,105.0,194.0
18,grassland,0,42.0,234.0,140.0,89.0,140.0,11.0
18,forest,1,36.0,189.0,51.0,45.0,47.0,12.0
18,field,2,26.0,254.0,187.0,187.0,164.0,1.0
18,field,3,26.0,254.0,185.0,185.0,159.0,1.0
18,lake,4,106.0,253.0,134.0,1.0,65.0,134.0
18,unknown,5,20.0,203.0,150.0,150.0,112.0,31.0
18,forest,6,44.0,205.0,48.0,27.0,48.0,10.0
18,forest,7,36.0,212.0,59.0,48.0,56.0,9.0
18,field,8,26.0,251.0,191.0,191.0,167.0,3.0
18,field,9,26.0,251.0,181.0,181.0,155.0,3.0
18,unknown,10,21.0,200.0,155.0,155.0,117.0,33.0
18,forest,11,43.0,195.0,53.0,33.0,53.0,12.0
18,home,12,35.0,75.0,124.0,120.0,121.0,87.0
18,field,13,26.0,248.0,183.0,183.0,157.0,5.0
18,field,14,26.0,242.0,193.0,193.0,167.0,10.0
18,forest,15,45.0,194.0,55.0,33.0,55.0,13.0
18,forest,16,36.0,198.0,64.0,51.0,57.0,12.0
18,forest,17,47.0,191.0,52.0,29.0,52.0,12.0
18,forest,18,44.0,191.0,52.0,33.0,52.0,12.0
18,forest,19,38.0,153.0,62.0,50.0,58.0,22.0
18,lake,20,104.0,254.0,183.0,1.0,95.0,183.0
18,lake,21,105.0,254.0,181.0,1.0,92.0,181.0
18,forest,22,47.0,188.0,55.0,31.0,55.0,13.0
18,forest,23,44.0,167.0,54.0,36.0,54.0,18.0
18,forest,24,48.0,169.0,54.0,33.0,54.0,18.0
19,field,0,25.0,245.0,178.0,178.0,152.0,7.0
19,grassland,1,40.0,233.0,141.0,98.0,141.0,12.0
19,forest,2,45.0,205.0,43.0,25.0,43.0,8.0
19,grassland,3,40.0,240.0,127.0,86.0,127.0,7.0
19,lake,4,106.0,253.0,137.0,1.0,63.0,137.0
19,field,5,26.0,252.0,195.0,195.0,169.0,2.0
19,grassland,6,37.0,242.0,131.0,102.0,124.0,7.0
19,grassland,7,41.0,234.0,148.0,96.0,148.0,12.0
19,grassland,8,44.0,234.0,138.0,81.0,138.0,12.0
19,field,9,26.0,251.0,183.0,183.0,158.0,3.0
19,mine,10,23.0,134.0,75.0,75.0,48.0,21.0
19,swamp,11,23.0,136.0,107.0,107.0,92.0,47.0
19,home,12,20.0,76.0,129.0,129.0,116.0,88.0
19,forest,13,46.0,155.0,47.0,30.0,47.0,17.0
19,field,14,26.0,249.0,185.0,185.0,159.0,4.0
19,mine,15,22.0,137.0,71.0,71.0,44.0,20.0
19,mine,16,25.0,117.0,82.0,82.0,48.0,21.0
19,field,17,26.0,248.0,193.0,193.0,166.0,5.0
19,forest,18,31.0,202.0,60.0,54.0,55.0,10.0
19,swamp,19,23.0,132.0,109.0,109.0,95.0,52.0
19,field,20,26.0,250.0,198.0,198.0,175.0,4.0
19,field,21,26.0,247.0,196.0,196.0,172.0,6.0
19,field,22,26.0,251.0,193.0,193.0,169.0,3.0
19,field,23,26.0,251.0,191.0,191.0,165.0,3.0
19,field,24,25.0,247.0,174.0,174.0,150.0,6.0
20,lake,0,104.0,248.0,180.0,7.0,97.0,179.0
20,lake,1,104.0,254.0,191.0,1.0,100.0,191.0
20,lake,2,105.0,254.0,187.0,1.0,97.0,187.0
20,lake,3,105.0,252.0,181.0,2.0,92.0,181.0
20,lake,4,105.0,254.0,185.0,1.0,94.0,185.0
20,forest,5,44.0,189.0,59.0,36.0,59.0,15.0
20,swamp,6,23.0,137.0,121.0,121.0,105.0,54.0
20,grassland,7,40.0,216.0,165.0,120.0,165.0,25.0
20,forest,8,44.0,184.0,58.0,36.0,58.0,15.0
20,lake,9,105.0,247.0,153.0,8.0,85.0,137.0
20,mine,10,23.0,98.0,59.0,59.0,48.0,30.0
20,swamp,11,24.0,126.0,140.0,140.0,126.0,71.0
20,home,12,27.0,101.0,151.0,150.0,144.0,88.0
20,forest,13,48.0,129.0,57.0,39.0,57.0,27.0
20,lake,14,105.0,239.0,154.0,11.0,86.0,139.0
20,mine,15,24.0,61.0,50.0,50.0,45.0,32.0
20,mine,16,23.0,58.0,44.0,44.0,40.0,31.0
20,grassland,17,44.0,200.0,158.0,103.0,158.0,34.0
20,grassland,18,37.0,220.0,148.0,123.0,138.0,21.0
20,lake,19,105.0,241.0,153.0,11.0,84.0,138.0
20,field,20,26.0,235.0,204.0,204.0,179.0,16.0
20,field,21,25.0,231.0,196.0,196.0,170.0,18.0
20,field,22,26.0,234.0,202.0,202.0,176.0,17.0
20,field,23,26.0,249.0,201.0,201.0,176.0,5.0
20,field,24,26.0,241.0,198.0,198.0,174.0,11.0
21,swamp,0,22.0,164.0,122.0,122.0,102.0,43.0
21,grassland,1,43.0,223.0,164.0,105.0,164.0,21.0
21,swamp,2,23.0,145.0,118.0,117.0,103.0,51.0
21,field,3,27.0,245.0,204.0,204.0,181.0,8.0
21,forest,4,47.0,167.0,59.0,36.0,59.0,19.0
21,swamp,5,25.0,118.0,132.0,132.0,121.0,70.0
21,grassland,6,43.0,216.0,164.0,101.0,164.0,24.5
21,swamp,7,26.0,65.0,144.0,144.0,139.0,107.0
21,field,8,26.0,229.0,205.0,205.0,181.0,21.0
21,forest,9,46.0,165.0,59.0,36.0,59.0,20.0
21,swamp,10,23.0,146.0,114.0,114.0,100.0,48.0
21,grassland,11,43.0,232.0,144.0,92.0,144.0,14.0
21,home,12,35.0,83.0,49.0,38.0,43.0,28.0
21,field,13,26.0,239.0,206.0,206.0,181.0,13.0
21,forest,14,36.0,161.0,73.0,61.0,67.0,24.0
21,swamp,15,23.0,129.0,114.0,114.0,100.0,55.0
21,grassland,16,39.0,210.0,139.0,105.0,136.0,25.0
21,lake,17,106.0,236.0,160.0,12.0,81.0,160.0
21,lake,18,104.0,241.0,183.0,14.0,100.0,182.0
21,forest,19,46.0,176.0,63.0,39.0,63.0,18.0
21,field,20,26.0,236.0,201.0,201.0,177.0,15.0
21,grassland,21,37.0,196.0,149.0,130.0,139.0,35.0
21,lake,22,105.0,242.0,193.0,10.0,102.0,193.0
21,lake,23,105.0,243.0,196.0,9.0,103.0,196.0
21,lake,24,104.0,241.0,198.0,11.0,106.0,198.0
22,grassland,0,42.0,235.0,140.0,87.0,140.0,11.0
22,forest,1,36.0,187.0,51.0,43.0,46.0,12.0
22,field,2,26.0,254.0,187.0,187.0,165.0,1.0
22,field,3,26.0,254.0,185.0,185.0,159.0,1.0
22,lake,4,106.0,253.0,136.0,1.0,66.0,136.0
22,unknown,5,20.0,202.0,150.0,150.0,112.0,31.0
22,forest,6,46.0,197.0,46.0,26.0,46.0,10.0
22,forest,7,38.0,192.0,57.0,47.0,53.0,12.0
22,field,8,26.0,251.0,191.0,191.0,166.0,3.0
22,field,9,26.0,250.0,182.0,182.0,157.0,4.0
22,unknown,10,21.0,198.0,155.0,155.0,117.0,35.0
22,forest,11,45.0,188.0,50.0,31.0,50.0,13.0
22,home,12,36.0,112.0,60.0,50.0,57.0,35.0
22,field,13,26.0,248.0,170.0,170.0,146.0,5.0
22,field,14,26.0,240.0,193.0,193.0,168.0,11.0
22,forest,15,46.0,189.0,54.0,32.0,54.0,14.0
22,forest,16,35.0,190.0,62.0,49.0,55.0,14.0
22,forest,17,47.0,187.0,50.0,29.0,50.0,13.0
22,forest,18,45.0,188.0,54.0,34.0,54.0,13.0
22,forest,19,38.0,153.0,63.0,50.0,58.0,22.0
22,lake,20,105.0,254.0,186.0,1.0,95.0,186.0
22,lake,21,105.0,254.0,183.0,1.0,93.0,183.0
22,forest,22,47.0,185.0,54.0,31.0,54.0,14.0
22,forest,23,45.0,166.0,55.0,36.0,54.0,18.0
22,forest,24,48.0,163.0,53.0,32.0,53.0,19.0
23,field,0,25.0,245.0,182.0,182.0,156.0,7.0
23,grassland,1,41.0,232.0,141.0,96.0,141.0,13.0
23,forest,2,45.0,196.0,42.0,25.0,42.0,9.0
23,grassland,3,40.0,239.0,129.0,88.0,129.0,8.0
23,lake,4,107.0,255.0,139.0,0.0,64.0,139.0
23,field,5,26.0,251.0,195.0,195.0,170.0,3.0
23,grassland,6,38.0,239.0,131.0,99.0,126.0,8.0
23,grassland,7,42.0,233.0,146.0,92.0,146.0,13.0
23,grassland,8,44.0,238.0,138.0,78.0,138.0,9.0
23,field,9,26.0,251.0,184.0,184.0,159.0,3.0
23,mine,10,23.0,116.0,59.0,59.0,42.0,22.0
23,swamp,11,23.0,139.0,109.0,109.0,95.0,50.0
23,home,12,23.0,124.0,77.0,76.0,64.0,34.0
23,forest,13,47.0,158.0,45.0,30.0,45.0,16.0
23,field,14,26.0,249.0,187.0,187.0,161.0,4.0
23,mine,15,22.0,123.0,63.0,63.0,39.0,21.0
23,mine,16,24.0,120.0,80.0,80.0,46.0,22.0
23,field,17,26.0,248.0,195.0,195.0,168.0,5.0
23,forest,18,34.0,180.0,57.0,50.0,51.0,14.0
23,swamp,19,23.0,121.0,119.0,119.0,105.0,61.0
23,field,20,26.0,249.0,200.0,200.0,176.0,5.0
23,field,21,26.0,246.0,198.0,198.0,173.0,7.0
23,field,22,26.0,250.0,195.0,195.0,170.0,4.0
23,field,23,26.0,250.0,192.0,192.0,166.0,4.0
23,field,24,26.0,246.0,181.0,181.0,156.0,6.0
24,lake,0,104.0,248.0,184.0,6.0,98.0,183.0
24,lake,1,105.0,252.0,193.0,2.0,100.0,193.0
24,lake,2,105.0,254.0,191.0,1.0,98.0,191.0
24,lake,3,105.0,251.0,183.0,3.0,93.0,183.0
24,lake,4,105.0,254.0,188.0,1.0,96.0,188.0
24,forest,5,45.0,183.0,60.0,37.0,60.0,16.0
24,swamp,6,23.0,131.0,122.0,121.0,106.0,58.0
24,grassland,7,40.0,212.0,167.0,121.0,167.0,28.0
24,forest,8,45.0,174.0,57.0,36.0,57.0,17.0
24,lake,9,105.0,246.0,158.0,8.0,87.0,142.0
24,mine,10,23.0,98.0,59.0,58.0,48.0,31.0
24,swamp,11,23.0,123.0,136.0,136.0,121.0,69.0
24,home,12,28.0,113.0,102.0,102.0,97.0,47.0
24,forest,13,48.0,131.0,52.0,36.0,52.0,25.0
24,lake,14,105.0,239.0,160.0,11.0,88.0,146.0
24,mine,15,24.0,61.0,51.0,51.0,46.0,33.0
24,mine,16,24.0,57.0,45.0,45.0,41.0,32.0
24,grassland,17,43.0,199.5,159.0,104.0,159.0,35.0
24,grassland,18,37.0,218.0,149.0,122.0,139.0,22.0
24,lake,19,105.0,239.0,154.0,11.0,83.0,137.0
24,field,20,26.0,233.0,205.0,205.0,180.0,18.0
24,field,21,25.0,230.0,196.0,196.0,170.0,19.0
24,field,22,26.0,232.0,203.0,203.0,178.0,18.0
24,field,23,26.0,247.0,202.0,202.0,177.0,6.0
24,field,24,26.0,239.0,200.0,200.0,176.0,13.0
25,unknown,0,19.0,113.0,183.0,183.0,153.0,102.0
25,lake,1,106.0,239.0,204.0,13.0,101.0,204.0
25,lake,2,106.0,236.0,164.0,14.0,90.0,153.0
25,lake,3,106.0,227.0,159.0,22.0,86.0,138.0
25,field,4,26.0,232.0,203.0,203.0,179.0,18.0
25,unknown,5,19.0,129.0,179.0,179.0,146.0,88.0
25,forest,6,48.0,124.5,66.0,46.0,66.0,32.0
25,forest,7,48.0,156.0,60.0,38.0,60.0,22.0
25,lake,8,106.0,245.0,188.0,7.0,92.0,188.0
25,field,9,26.0,235.0,196.0,196.0,171.0,16.0
25,lake,10,106.0,235.0,205.0,17.0,105.0,205.0
25,forest,11,38.0,142.0,76.0,61.0,69.0,29.0
25,home,12,32.0,56.0,140.0,136.0,135.0,107.0
25,lake,13,106.0,249.0,190.0,4.0,92.0,190.0
25,field,14,26.0,232.0,206.0,206.0,181.0,19.0
25,lake,15,105.0,237.0,187.0,16.0,101.0,185.0
25,forest,16,46.0,156.0,61.0,40.0,61.0,22.0
25,swamp,17,23.0,107.0,137.0,137.0,124.0,75.0
25,mine,18,24.0,91.0,59.0,48.0,40.0,27.0
25,field,19,26.0,240.0,206.0,206.0,182.0,12.0
25,grassland,20,43.0,201.0,165.0,110.0,165.0,35.0
25,forest,21,36.0,147.0,76.0,66.0,68.0,29.0
25,mine,22,23.0,124.0,87.0,86.0,56.0,34.0
25,mine,23,24.0,47.0,45.0,44.0,41.0,34.0
25,field,24,26.0,228.0,201.0,201.0,175.0,21.0
26,forest,0,49.0,148.0,49.0,31.0,49.0,20.0
26,forest,1,50.0,154.0,52.0,31.0,52.0,20.0
26,forest,2,50.0,139.0,49.0,31.0,49.0,21.0
26,forest,3,53.0,111.0,48.0,32.0,48.0,26.0
26,lake,4,106.0,255.0,184.0,0.0,85.0,184.0
26,forest,5,35.0,157.0,65.0,58.0,61.0,23.0
26,field,6,26.0,238.0,199.0,199.0,174.0,13.0
26,forest,7,48.0,138.0,55.0,36.0,55.0,24.0
26,forest,8,54.0,111.0,50.0,32.0,50.0,26.0
26,lake,9,106.0,255.0,187.0,0.0,88.0,187.0
26,mine,10,24.0,60.0,49.0,48.0,44.0,31.0
26,field,11,26.0,234.0,201.0,201.0,178.0,17.0
26,home,12,28.0,79.0,144.0,143.0,139.0,96.0
26,forest,13,55.0,93.0,54.0,38.0,54.0,33.0
26,lake,14,106.0,238.0,154.0,10.0,83.0,145.0
26,field,15,26.0,229.0,204.0,204.0,180.0,21.0
26,field,16,26.0,236.0,204.0,204.0,180.0,15.0
26,forest,17,37.0,139.0,67.0,53.0,60.0,26.0
26,forest,18,50.0,130.0,53.0,35.0,53.0,25.0
26,lake,19,106.0,248.0,182.0,5.0,91.0,182.0
26,lake,20,105.0,237.0,159.0,13.0,87.0,147.0
26,lake,21,105.0,251.0,200.0,3.0,101.0,200.0
26,lake,22,105.0,252.0,197.0,2.0,98.0,197.0
26,lake,23,106.0,253.0,197.0,1.0,96.0,197.0
26,lake,24,106.0,251.0,189.0,3.0,89.0,189.0
27,grassland,0,43.0,209.0,161.0,102.0,161.0,29.0
27,grassland,1,44.0,203.0,156.0,97.0,156.0,31.0
27,field,2,26.0,239.0,195.0,195.0,171.0,12.0
27,field,3,26.0,241.0,192.0,192.0,165.0,11.0
27,field,4,26.0,239.0,190.0,190.0,165.0,12.0
27,lake,5,107.0,243.0,149.0,7.0,70.0,149.0
27,grassland,6,39.0,215.0,129.0,97.0,121.0,21.0
27,grassland,7,37.0,211.0,135.0,114.0,127.0,24.0
27,field,8,26.0,248.0,194.0,194.0,170.0,5.0
27,forest,9,49.0,145.0,49.0,31.0,49.0,20.0
27,lake,10,105.0,252.0,188.0,2.0,92.0,188.0
27,grassland,11,37.0,211.0,142.0,119.0,128.0,27.0
27,home,12,22.0,51.0,135.5,135.0,125.0,105.0
27,field,13,26.0,242.0,195.0,195.0,169.0,10.0
27,forest,14,35.0,147.0,57.0,47.0,51.0,21.0
27,grassland,15,39.0,220.0,144.0,108.0,139.0,20.0
27,grassland,16,43.0,209.0,164.0,107.0,164.0,30.0
27,field,17,26.0,229.0,197.0,197.0,173.0,20.0
27,field,18,26.0,237.0,186.0,186.0,161.0,14.0
27,forest,19,47.0,127.0,51.0,36.0,51.0,25.0
27,field,20,26.0,241.0,202.0,202.0,177.0,11.0
27,grassland,21,45.0,208.0,159.0,95.0,159.0,29.0
27,forest,22,39.0,106.0,68.0,57.0,65.0,36.0
27,forest,23,47.0,116.5,60.0,44.0,60.0,30.0
27,forest,24,51.0,98.0,58.0,43.0,58.0,34.0
28,mine,0,23.0,81.0,55.0,54.0,43.0,28.0
28,mine,1,24.0,101.0,92.0,92.0,54.0,34.0
28,field,2,26.0,234.0,206.0,206.0,183.0,16.0
28,field,3,26.0,230.0,201.0,201.0,175.0,19.0
28,swamp,4,22.0,95.0,141.0,141.0,127.0,87.0
28,swamp,5,22.0,124.0,133.0,133.0,118.0,70.0
28,swamp,6,22.0,136.0,119.0,119.0,103.0,54.0
28,grassland,7,42.0,223.0,163.0,107.0,163.0,20.0
28,grassland,8,41.0,211.0,158.0,109.0,158.0,27.0
28,forest,9,47.0,145.0,55.0,38.0,55.0,23.0
28,swamp,10,22.0,145.0,131.0,131.0,108.0,55.0
28,swamp,11,25.0,101.0,135.0,135.0,126.0,82.0
28,swamp,12,23.0,111.0,119.0,118.0,105.0,64.0
28,grassland,13,41.0,203.0,165.0,119.0,165.0,34.0
28,home,14,30.0,49.0,142.0,130.0,134.0,121.0
28,swamp,15,22.0,137.0,118.0,118.0,102.0,54.0
28,swamp,16,22.0,127.0,117.0,117.0,102.0,57.0
28,swamp,17,25.0,54.0,143.0,143.0,139.0,112.0
28,grassland,18,45.0,192.0,156.0,100.0,156.0,39.0
28,grassland,19,42.0,205.0,156.0,105.0,156.0,31.0
28,field,20,26.0,244.0,202.0,202.0,177.0,9.0
28,field,21,26.0,239.0,201.0,201.0,176.0,13.0
28,field,22,26.0,227.0,199.0,199.0,175.0,21.0
28,field,23,26.0,230.0,198.0,198.0,174.0,20.0
28,field,24,26.0,232.0,191.0,191.0,165.0,17.0
29,field,0,26.0,234.0,197.0,197.0,175.0,16.0
29,field,1,26.0,236.0,192.0,192.0,169.0,14.0
29,field,2,26.0,235.0,201.0,201.0,178.0,16.0
29,field,3,26.0,244.0,202.0,202.0,178.0,9.0
29,field,4,26.0,229.0,197.0,197.0,173.0,20.0
29,lake,5,105.0,231.0,151.0,19.0,84.0,128.5
29,lake,6,105.0,250.0,178.0,4.0,90.0,178.0
29,lake,7,105.0,251.0,177.0,3.0,90.0,177.0
29,mine,8,24.0,96.0,56.0,45.0,37.0,25.0
29,mine,9,24.0,52.0,43.0,43.0,40.0,32.0
29,lake,10,105.0,241.0,155.0,11.0,87.0,142.0
29,forest,11,48.0,155.0,53.0,33.0,53.0,19.0
29,home,12,35.0,79.0,79.0,66.0,72.0,57.0
29,swamp,13,24.0,112.0,130.0,130.0,116.5,67.0
29,mine,14,23.0,132.0,90.0,89.5,54.0,30.0
29,lake,15,105.0,244.0,193.0,8.0,98.0,193.0
29,forest,16,48.0,126.0,63.0,44.0,63.0,30.0
29,forest,17,38.0,147.0,74.0,59.0,68.0,28.0
29,forest,18,46.0,160.0,59.0,38.0,59.0,21.0
29,forest,19,35.0,157.0,75.0,66.0,68.0,27.0
29,unknown,20,20.0,110.0,181.0,181.0,153.0,102.0
29,unknown,21,20.0,129.0,175.0,175.0,145.0,86.0
29,lake,22,105.0,240.0,196.0,12.0,103.0,196.0
29,lake,23,104.0,240.0,175.0,14.0,100.0,164.0
29,grassland,24,43.0,203.0,162.0,108.0,162.0,33.0
30,forest,0,50.0,154.0,47.0,29.0,47.0,18.0
30,forest,1,51.0,151.0,50.0,30.0,50.0,19.0
30,forest,2,51.0,141.0,47.0,29.0,47.0,19.0
30,forest,3,53.0,115.0,46.0,30.0,46.0,24.0
30,lake,4,106.0,255.0,176.0,0.0,84.0,176.0
30,forest,5,35.0,164.0,63.0,55.0,59.0,20.0
30,field,6,26.0,241.0,193.0,193.0,170.0,11.0
30,forest,7,48.0,121.0,65.0,50.0,61.0,27.0
30,forest,8,55.0,121.0,47.0,29.0,47.0,23.0
30,lake,9,106.0,255.0,179.0,0.0,86.0,179.0
30,mine,10,25.0,59.0,45.0,44.0,41.0,29.0
30,field,11,26.0,235.0,197.0,197.0,174.0,15.0
30,home,12,29.0,126.0,90.0,86.0,82.0,45.0
30,forest,13,55.0,98.0,48.0,33.0,48.0,29.0
30,lake,14,105.0,242.0,147.0,8.0,81.0,138.0
30,field,15,26.0,230.0,199.0,199.0,177.0,20.0
30,field,16,26.0,238.0,200.0,200.0,177.0,13.0
30,forest,17,38.0,154.0,64.0,50.0,58.0,22.0
30,forest,18,50.0,135.0,52.0,34.0,52.0,22.0
30,lake,19,105.0,250.0,174.0,4.0,89.0,173.0
30,lake,20,105.0,241.0,151.0,10.0,83.0,135.0
30,lake,21,105.0,254.0,190.0,1.0,99.0,190.0
30,lake,22,105.0,254.0,188.0,1.0,95.0,188.0
30,lake,23,105.0,254.0,189.0,1.0,95.0,189.0
30,lake,24,106.0,253.0,179.0,1.0,87.0,179.0
31,grassland,0,43.0,212.0,158.0,99.0,158.0,26.0
31,grassland,1,44.0,207.0,154.0,94.0,154.0,28.0
31,field,2,26.0,242.0,193.0,193.0,170.0,10.0
31,field,3,26.0,243.0,190.0,190.0,164.0,9.0
31,field,4,26.0,240.0,189.0,189.0,164.0,11.0
31,lake,5,106.0,246.0,144.0,6.0,71.0,143.0
31,grassland,6,39.0,219.0,128.0,93.0,117.0,19.5
31,grassland,7,38.0,205.0,126.0,101.0,114.0,24.0
31,field,8,26.0,248.0,192.0,192.0,169.0,5.0
31,forest,9,49.0,146.0,49.0,31.0,49.0,20.0
31,lake,10,105.0,252.0,181.0,2.0,92.0,181.0
31,grassland,11,37.0,213.0,140.0,113.0,121.0,26.0
31,home,12,24.0,108.0,82.0,79.0,70.0,42.0
31,field,13,26.0,242.0,192.0,192.0,167.0,10.0
31,forest,14,36.0,148.0,56.0,46.0,51.0,21.0
31,grassland,15,39.0,223.0,144.0,106.0,140.0,19.0
31,grassland,16,43.0,210.0,162.0,105.0,162.0,28.0
31,field,17,26.0,230.0,196.0,196.0,172.0,19.0
31,field,18,26.0,237.0,184.0,184.0,159.0,13.0
31,forest,19,46.0,130.0,51.0,36.0,51.0,24.0
31,field,20,26.0,241.0,201.0,201.0,176.0,11.0
31,grassland,21,45.0,210.0,158.0,93.0,158.0,28.0
31,forest,22,39.0,110.0,68.0,57.0,65.0,35.0
31,forest,23,47.0,118.0,59.0,43.0,59.0,30.0
31,forest,24,51.0,101.0,59.0,43.0,59.0,34.0
32,mine,0,23.0,98.0,57.0,57.0,43.0,25.0
32,mine,1,24.0,105.0,83.0,82.0,50.0,29.0
32,field,2,26.0,236.0,204.0,204.0,181.0,15.0
32,field,3,26.0,233.0,197.0,197.0,173.0,17.0
32,swamp,4,23.0,101.0,139.0,139.0,125.0,83.0
32,swamp,5,22.0,130.0,131.0,131.0,113.0,64.0
32,swamp,6,22.0,142.0,117.0,116.0,100.0,49.0
32,grassland,7,42.0,225.0,160.0,105.0,160.0,19.0
32,grassland,8,41.0,215.0,155.0,107.0,155.0,25.0
32,forest,9,46.0,154.0,53.0,36.0,53.0,21.0
32,swamp,10,22.0,152.0,129.0,129.0,105.0,50.0
32,swamp,11,25.0,109.0,133.0,133.0,123.0,75.0
32,swamp,12,23.0,122.0,117.0,116.0,103.0,60.0
32,grassland,13,41.0,206.0,162.0,115.0,162.0,31.0
32,home,14,35.0,54.0,84.0,76.0,80.0,65.0
32,swamp,15,22.0,142.0,117.0,116.0,101.0,51.0
32,swamp,16,23.0,133.0,115.0,114.0,100.0,55.0
32,swamp,17,26.0,61.0,142.0,142.0,137.0,107.0
32,grassland,18,44.0,195.0,155.0,99.0,155.0,37.0
32,grassland,19,42.0,210.0,155.0,103.0,155.0,27.0
32,field,20,26.0,245.0,200.0,200.0,175.0,8.0
32,field,21,26.0,240.0,199.0,199.0,175.0,12.0
32,field,22,26.0,228.0,198.0,198.0,174.0,21.0
32,field,23,26.0,230.0,197.0,197.0,173.0,19.0
32,field,24,25.0,233.0,189.0,189.0,162.0,16.0
33,grassland,0,37.0,204.0,92.0,79.0,83.0,18.0
33,field,1,26.0,250.0,160.0,160.0,138.0,3.0
33,lake,2,108.0,249.0,121.0,3.0,55.0,115.0
33,lake,3,108.0,255.0,150.0,0.0,61.0,150.0
33,lake,4,108.0,247.0,122.0,5.0,59.0,114.0
33,field,5,26.0,255.0,160.0,160.0,137.0,0.0
33,field,6,25.0,246.0,154.0,154.0,130.0,5.0
33,swamp,7,21.0,63.0,95.0,95.0,88.0,70.0
33,field,8,25.0,248.0,168.0,168.0,143.0,5.0
33,forest,9,55.0,93.0,37.0,26.0,37.0,23.0
33,lake,10,108.0,248.0,116.0,5.0,57.0,106.0
33,field,11,26.0,247.0,164.0,164.0,141.0,5.0
33,home,12,28.0,76.0,108.0,107.0,105.0,74.0
33,forest,13,51.0,113.0,34.0,23.0,34.0,18.0
33,forest,14,51.0,114.0,35.0,22.0,35.0,18.0
33,lake,15,108.0,252.0,141.0,3.0,60.0,140.0
33,forest,16,49.5,160.0,32.0,19.0,32.0,11.0
33,forest,17,51.0,143.0,34.0,20.0,34.0,14.0
33,forest,18,48.0,134.0,36.0,23.0,36.0,15.0
33,unknown,19,18.0,168.0,133.0,133.0,98.0,45.0
33,lake,20,108.0,252.0,147.0,3.0,60.0,147.0
33,forest,21,48.0,164.0,32.0,19.0,32.0,10.0
33,field,22,25.0,254.0,170.0,170.0,145.0,1.0
33,field,23,25.0,254.0,173.0,173.0,146.0,1.0
33,unknown,24,18.0,182.0,131.0,131.0,93.0,37.0
34,swamp,0,24.0,96.0,83.0,83.0,75.0,50.0
34,swamp,1,20.0,159.0,73.0,73.0,58.0,27.0
34,home,2,21.0,36.0,92.0,92.0,85.0,78.0
34,grassland,3,46.0,242.0,107.0,54.0,107.0,5.0
34,grassland,4,44.0,223.0,113.0,67.0,113.0,14.0
34,swamp,5,21.0,117.0,69.0,69.0,60.0,37.0
34,field,6,26.0,255.0,163.0,163.0,139.0,0.0
34,field,7,25.0,250.0,163.0,163.0,139.0,3.0
34,grassland,8,46.0,198.0,108.0,66.0,108.0,23.0
34,grassland,9,40.0,211.0,92.0,68.0,87.0,16.0
34,swamp,10,22.0,103.0,82.0,82.0,73.0,48.0
34,mine,11,23.0,60.0,37.0,36.0,29.0,22.0
34,field,12,26.0,253.0,166.0,166.0,142.0,1.0
34,field,13,25.0,250.0,164.0,164.0,138.0,3.0
34,field,14,25.0,251.0,165.0,165.0,139.0,3.0
34,swamp,15,21.0,114.0,76.0,76.0,68.0,42.0
34,grassland,16,44.0,231.0,115.0,69.0,115.0,11.0
34,field,17,25.0,243.0,168.0,168.0,142.0,8.0
34,forest,18,43.0,82.0,43.0,36.0,41.0,28.0
34,field,19,25.0,244.0,158.0,158.0,132.0,7.0
34,forest,20,50.0,133.0,36.0,23.0,36.0,16.0
34,grassland,21,42.0,221.0,113.0,74.0,113.0,15.0
34,field,22,25.0,248.0,170.0,170.0,144.0,5.0
34,mine,23,24.0,40.0,30.0,29.0,28.0,25.0
34,lake,24,108.0,253.0,146.0,1.0,60.0,146.0
35,swamp,0,20.0,71.0,75.0,75.0,68.0,52.0
35,field,1,25.0,241.0,167.0,167.0,141.0,9.0
35,forest,2,65.0,72.0,34.0,25.0,34.0,26.0
35,forest,3,65.0,78.0,34.0,25.0,34.0,25.0
35,forest,4,62.0,76.0,34.0,25.0,34.0,24.0
35,swamp,5,22.0,32.0,106.0,106.0,103.0,92.0
35,forest,6,36.0,96.0,41.0,35.0,37.0,23.0
35,forest,7,52.0,98.0,34.0,24.0,34.0,19.0
35,lake,8,108.0,250.0,120.0,4.0,55.0,112.0
35,lake,9,108.0,255.0,154.0,0.0,60.0,154.0
35,field,10,25.0,247.0,172.0,172.0,145.0,5.0
35,field,11,25.0,254.0,171.0,171.0,143.0,1.0
35,home,12,32.0,46.0,100.0,90.0,93.0,88.0
35,lake,13,109.0,253.0,148.0,1.0,56.0,148.0
35,lake,14,109.0,255.0,151.0,0.0,57.0,151.0
35,field,15,25.0,254.0,175.0,175.0,148.0,1.0
35,field,16,25.0,255.0,173.0,173.0,145.0,0.0
35,field,17,25.0,246.0,161.0,161.0,134.0,5.0
35,lake,18,108.0,255.0,158.0,0.0,62.0,158.0
35,lake,19,109.0,255.0,153.0,0.0,59.0,153.0
35,mine,20,23.0,94.0,61.0,61.0,34.0,23.0
35,mine,21,22.0,81.0,36.0,36.0,23.0,17.0
35,mine,22,23.0,47.0,31.0,30.5,28.0,23.0
35,mine,23,23.0,77.0,35.0,35.0,26.0,20.0
35,swamp,24,21.0,104.0,90.0,90.0,80.0,53.0
36,field,0,25.0,254.0,181.0,181.0,151.0,1.0
36,forest,1,34.0,153.0,46.0,39.0,40.0,16.0
36,forest,2,45.0,149.0,40.0,27.0,39.0,16.0
36,forest,3,47.0,153.0,36.0,24.0,36.0,14.0
36,swamp,4,21.0,119.0,87.0,86.0,75.0,44.0
36,field,5,24.0,249.0,176.0,176.0,146.0,3.0
36,field,6,25.0,251.0,183.0,183.0,152.0,3.0
36,forest,7,48.0,160.0,43.0,26.0,43.0,15.0
36,home,8,26.0,50.0,110.0,108.0,105.0,87.0
36,grassland,9,40.0,220.0,130.0,94.0,130.0,18.0
36,grassland,10,40.0,227.0,130.0,91.0,130.0,14.0
36,field,11,24.0,250.0,175.0,175.0,146.0,3.0
36,forest,12,44.0,167.0,44.0,29.0,44.0,14.0
36,forest,13,35.0,149.0,49.0,42.0,45.0,18.0
36,grassland,14,43.0,213.0,133.0,83.0,133.0,21.0
36,lake,15,107.0,255.0,172.0,0.0,76.0,172.0
36,forest,16,33.0,179.0,55.0,47.0,49.0,15.0
36,forest,17,35.0,175.0,51.0,43.0,47.0,14.0
36,grassland,18,41.0,222.0,129.0,88.0,129.0,17.0
36,grassland,19,42.0,228.0,132.0,86.0,132.0,14.0
36,lake,20,107.0,253.0,171.0,1.0,76.0,171.0
36,field,21,25.0,253.0,177.0,177.0,146.0,1.0
36,lake,22,108.0,253.0,153.0,1.0,62.0,153.0
36,grassland,23,37.0,221.5,99.0,81.0,87.0,12.0
36,lake,24,108.0,253.0,139.0,1.0,56.0,139.0
37,grassland,0,37.0,194.0,90.0,79.0,84.0,21.0
37,field,1,26.0,250.0,161.0,161.0,138.0,3.0
37,lake,2,108.0,247.0,114.0,5.0,56.0,107.0
37,lake,3,108.0,255.0,145.0,0.0,59.0,145.0
37,lake,4,108.0,245.0,121.0,6.0,59.0,113.0
37,field,5,26.0,255.0,160.0,160.0,137.0,0.0
37,field,6,25.0,246.0,145.0,145.0,121.0,5.0
37,swamp,7,22.0,82.0,88.0,84.0,78.0,61.0
37,field,8,25.0,251.0,167.0,167.0,141.0,3.0
37,forest,9,54.0,96.0,36.0,26.0,36.0,21.0
37,lake,10,108.0,246.0,111.5,8.0,56.0,102.0
37,field,11,26.0,250.0,161.0,161.0,137.0,3.0
37,home,12,30.0,135.5,68.0,63.0,64.0,34.0
37,forest,13,48.0,132.0,33.0,21.0,33.0,15.0
37,forest,14,50.0,135.0,34.0,22.0,34.0,15.0
37,lake,15,108.0,252.0,139.0,3.0,60.0,139.0
37,forest,16,48.0,162.0,32.0,19.0,32.0,11.0
37,forest,17,51.0,150.0,34.0,20.0,34.0,13.0
37,forest,18,46.0,149.0,36.0,23.0,35.0,13.0
37,unknown,19,19.0,186.0,132.0,132.0,95.0,36.0
37,lake,20,108.0,252.0,144.0,3.0,60.0,144.0
37,forest,21,48.0,175.0,32.0,19.0,32.0,9.0
37,field,22,25.0,255.0,170.0,170.0,144.0,0.0
37,field,23,25.0,255.0,173.0,173.0,145.0,0.0
37,unknown,24,18.0,200.0,130.0,130.0,90.0,28.0
38,swamp,0,24.0,92.0,86.0,86.0,78.0,54.0
38,swamp,1,21.0,162.0,71.0,71.0,57.0,25.0
38,home,2,23.0,111.0,66.0,64.0,56.0,34.0
38,grassland,3,46.0,232.0,105.0,57.0,105.0,9.0
38,grassland,4,45.0,206.0,116.0,71.0,116.0,23.0
38,swamp,5,21.0,124.0,73.0,73.0,65.0,39.0
38,field,6,25.0,255.0,165.0,165.0,140.0,0.0
38,field,7,25.0,252.0,165.0,165.0,139.0,2.0
38,grassland,8,46.0,189.0,110.0,71.0,110.0,28.0
38,grassland,9,39.0,197.0,95.0,74.0,92.0,21.0
38,swamp,10,22.0,106.0,82.0,82.0,74.0,48.0
38,mine,11,23.0,67.0,45.0,43.0,33.0,23.0
38,field,12,26.0,252.0,168.0,168.0,143.0,2.0
38,field,13,25.0,249.0,165.0,165.0,139.0,4.0
38,field,14,25.0,249.0,168.0,168.0,142.0,4.0
38,swamp,15,22.0,124.0,78.0,78.0,70.0,41.0
38,grassland,16,43.0,232.0,115.0,72.0,115.0,11.0
38,field,17,25.0,241.0,169.0,169.0,143.0,9.0
38,forest,18,43.0,81.0,45.0,38.0,44.0,29.0
38,field,19,24.0,240.0,157.0,157.0,130.0,9.0
38,forest,20,48.0,137.0,36.0,23.0,36.0,15.0
38,grassland,21,41.0,223.0,113.0,76.0,113.0,14.0
38,field,22,25.0,247.0,171.0,171.0,146.0,5.0
38,mine,23,24.0,44.0,36.0,35.0,32.0,27.0
38,lake,24,108.0,253.0,147.0,1.0,61.0,147.0
39,swamp,0,21.0,76.0,76.0,76.0,69.0,51.5
39,field,1,25.0,241.0,169.0,169.0,143.0,9.0
39,forest,2,60.0,77.0,35.0,26.0,35.0,24.0
39,forest,3,59.0,83.0,36.0,25.0,36.0,24.0
39,forest,4,56.0,88.0,34.0,25.0,34.0,23.0
39,swamp,5,22.0,35.0,106.0,106.0,103.0,92.0
39,forest,6,35.0,111.0,42.0,38.0,38.0,20.0
39,forest,7,50.0,117.0,35.0,24.0,34.0,17.0
39,lake,8,108.0,245.0,111.0,17.0,57.0,100.0
39,lake,9,109.0,255.0,156.0,0.0,60.0,156.0
39,field,10,25.0,245.0,174.0,174.0,147.0,7.0
39,field,11,25.0,254.0,172.0,172.0,144.0,1.0
39,home,12,26.0,74.0,65.0,62.0,61.0,46.0
39,lake,13,109.0,253.0,138.0,1.0,55.0,138.0
39,lake,14,109.0,255.0,154.0,0.0,58.0,154.0
39,field,15,25.0,252.0,177.0,177.0,150.0,2.0
39,field,16,25.0,255.0,175.0,175.0,147.0,0.0
39,field,17,25.0,248.0,159.0,159.0,132.0,5.0
39,lake,18,108.0,255.0,160.0,0.0,64.0,160.0
39,lake,19,108.0,255.0,156.0,0.0,61.0,156.0
39,mine,20,23.0,108.0,68.0,68.0,41.0,25.0
39,mine,21,22.0,79.0,45.0,45.0,27.0,18.0
39,mine,22,23.0,53.0,34.0,34.0,31.0,25.0
39,mine,23,23.0,85.0,43.0,43.0,30.0,22.0
39,swamp,24,21.0,98.0,92.0,92.0,82.0,57.0
40,field,0,25.0,254.0,182.0,182.0,152.0,1.0
40,forest,1,34.0,151.0,48.0,42.0,42.0,16.0
40,forest,2,45.0,146.0,41.0,28.0,41.0,17.0
40,forest,3,47.0,146.0,38.0,25.0,38.0,15.0
40,swamp,4,21.0,110.0,89.0,89.0,77.0,49.0
40,field,5,25.0,248.0,174.0,174.0,145.0,4.0
40,field,6,25.0,248.0,184.0,184.0,153.0,5.0
40,forest,7,48.0,147.0,41.0,26.0,41.0,16.0
40,home,8,32.0,58.0,69.0,67.0,66.0,52.0
40,grassland,9,40.0,207.0,130.0,93.0,130.0,24.0
40,grassland,10,40.0,227.0,129.0,92.0,129.0,14.0
40,field,11,25.0,251.0,172.0,172.0,144.0,3.0
40,forest,12,45.0,169.5,43.0,28.0,43.0,13.0
40,forest,13,35.0,155.0,45.0,40.0,41.0,15.0
40,grassland,14,44.0,219.0,121.0,71.0,121.0,16.0
40,lake,15,108.0,255.0,141.0,0.0,56.0,141.0
40,forest,16,34.0,170.0,35.0,29.0,32.0,11.0
40,forest,17,36.0,155.0,32.0,27.0,31.0,11.0
40,grassland,18,44.0,234.0,88.0,51.0,88.0,7.0
40,grassland,19,45.0,230.0,95.0,54.0,95.0,10.0
40,lake,20,109.0,253.0,129.0,1.0,48.0,129.0
40,field,21,25.0,255.0,135.0,135.0,111.0,0.0
40,lake,22,109.0,253.0,125.0,1.0,45.0,125.0
40,grassland,23,38.0,220.0,75.0,61.0,69.0,10.0
40,lake,24,109.0,253.0,133.0,1.0,52.0,133.0
41,field,0,26.0,251.0,174.0,174.0,149.0,3.0
41,swamp,1,21.0,67.0,105.0,105.0,96.0,75.0
41,field,2,25.0,245.0,167.0,167.0,140.0,7.0
41,forest,3,48.0,128.0,38.0,26.0,38.0,17.0
41,lake,4,108.0,250.0,135.0,4.0,63.0,129.0
41,grassland,5,37.0,205.0,109.0,93.0,101.0,21.0
41,grassland,6,45.0,195.0,121.0,76.0,121.0,28.0
41,field,7,25.0,243.0,177.0,177.0,150.0,8.0
41,field,8,25.0,246.0,177.0,177.0,150.0,6.0
41,lake,9,108.0,255.0,160.0,0.0,65.0,160.0
41,forest,10,47.0,153.0,37.0,24.0,37.0,14.0
41,lake,11,107.0,252.0,154.0,4.0,68.0,153.0
41,lake,12,108.0,254.0,163.0,1.0,66.0,163.0
41,lake,13,108.0,255.0,170.0,0.0,70.0,170.0
41,lake,14,108.0,255.0,171.0,0.0,71.0,171.0
41,mine,15,23.0,81.0,38.0,37.0,28.0,20.0
41,swamp,16,21.0,118.0,93.0,93.0,80.0,50.0
41,field,17,25.0,254.0,180.0,180.0,151.0,1.0
41,forest,18,35.0,143.0,45.0,37.0,40.0,17.0
41,lake,19,107.0,254.0,173.0,1.0,74.0,173.0
41,mine,20,23.0,102.0,64.0,63.5,36.0,22.0
41,field,21,25.0,252.0,180.0,180.0,153.0,2.0
41,field,22,25.0,251.0,181.0,181.0,151.0,3.0
41,forest,23,49.0,156.0,42.0,26.0,42.0,15.0
41,home,24,24.0,76.0,122.0,121.0,116.0,81.0
42,field,0,25.0,235.0,163.0,163.0,136.0,13.0
42,lake,1,108.0,252.0,151.0,2.0,62.0,151.0
42,lake,2,109.0,255.0,163.0,0.0,62.0,163.0
42,forest,3,55.0,94.0,32.0,22.0,32.0,19.0
42,forest,4,52.0,96.0,31.0,22.0,31.0,19.0
42,field,5,25.0,240.0,172.0,172.0,147.0,10.0
42,field,6,25.0,241.0,170.0,170.0,143.0,9.0
42,forest,7,42.0,70.0,41.0,37.0,39.0,28.0
42,forest,8,65.0,78.5,34.0,24.0,34.0,25.0
42,forest,9,60.0,78.0,32.0,23.0,32.0,22.0
42,field,10,25.0,249.0,172.0,172.0,144.0,4.0
42,lake,11,108.0,245.0,128.0,6.0,59.0,122.0
42,forest,12,54.0,96.0,35.0,24.0,35.0,21.0
42,forest,13,53.0,105.0,31.0,21.0,31.0,18.0
42,swamp,14,21.0,78.0,84.0,84.0,76.0,57.0
42,field,15,25.0,252.0,175.0,175.0,148.0,2.0
42,lake,16,108.0,249.0,130.0,5.0,60.0,122.0
42,lake,17,109.0,255.0,163.0,0.0,63.0,163.0
42,forest,18,38.0,140.0,37.0,29.0,33.0,14.0
42,mine,19,23.0,72.0,35.0,35.0,25.0,20.0
42,field,20,25.0,252.0,177.0,177.0,148.5,2.0
42,field,21,25.0,249.0,174.0,174.0,147.0,4.0
42,field,22,25.0,246.0,171.0,171.0,143.0,6.0
42,forest,23,40.0,110.0,38.0,31.0,34.0,20.0
42,home,24,30.0,37.0,94.0,84.0,87.0,85.0
43,forest,0,34.0,154.0,50.0,45.0,45.0,18.0
43,forest,1,46.0,155.0,39.0,25.0,39.0,15.0
43,forest,2,45.0,145.0,41.0,28.0,41.0,17.0
43,field,3,25.0,248.0,172.0,172.0,143.0,5.0
43,field,4,25.0,239.0,171.0,171.0,143.0,10.0
43,grassland,5,41.0,215.0,130.0,89.0,130.0,20.0
43,grassland,6,40.0,225.0,126.0,88.0,126.0,15.0
43,grassland,7,42.0,218.0,130.0,87.0,130.0,19.0
43,field,8,25.0,245.0,169.0,169.0,140.0,7.0
43,mine,9,24.0,38.0,31.0,31.0,28.0,26.0
43,lake,10,108.0,244.0,133.0,6.0,58.0,132.0
43,grassland,11,38.0,220.0,108.0,81.0,97.0,16.0
43,home,12,32.0,41.0,104.0,101.0,101.0,86.0
43,field,13,25.0,245.0,171.0,171.0,145.0,7.0
43,mine,14,23.0,45.0,32.0,30.0,28.0,25.0
43,swamp,15,20.0,127.0,70.0,70.0,57.0,32.0
43,grassland,16,42.0,244.0,112.0,71.0,112.0,5.0
43,grassland,17,39.0,241.0,90.0,65.0,84.0,5.0
43,field,18,25.0,255.0,156.0,156.0,130.0,0.0
43,grassland,19,44.0,215.0,107.0,64.0,107.0,17.0
43,lake,20,110.0,255.0,125.0,0.0,44.0,125.0
43,grassland,21,38.0,223.0,72.0,59.0,64.0,9.0
43,grassland,22,45.0,226.0,87.0,49.0,87.0,10.0
43,grassland,23,46.0,193.0,86.0,49.0,86.0,20.0
43,grassland,24,48.0,186.0,86.0,48.0,86.0,23.0
44,field,0,26.0,251.0,172.0,172.0,148.0,3.0
44,swamp,1,21.0,67.0,102.0,102.0,94.0,74.0
44,field,2,25.0,245.0,166.0,166.0,139.0,6.0
44,forest,3,50.0,127.0,38.0,25.0,38.0,17.0
44,lake,4,108.0,250.0,135.0,4.0,63.0,129.0
44,grassland,5,37.0,201.0,109.0,91.0,100.0,22.0
44,grassland,6,45.0,194.0,120.0,75.0,120.0,29.0
44,field,7,25.0,242.0,175.0,175.0,150.0,8.0
44,field,8,25.0,246.0,176.0,176.0,150.0,6.0
44,lake,9,108.0,255.0,160.0,0.0,65.0,160.0
44,forest,10,48.0,145.0,36.0,23.0,36.0,14.0
44,lake,11,107.0,252.0,155.0,3.0,67.0,154.0
44,lake,12,108.0,254.0,162.0,1.0,65.0,162.0
44,lake,13,108.0,255.0,169.0,0.0,69.0,169.0
44,lake,14,108.0,255.0,171.0,0.0,71.0,171.0
44,mine,15,23.0,77.0,34.0,34.0,27.0,19.0
44,swamp,16,21.0,118.0,92.0,92.0,80.0,50.0
44,field,17,25.0,254.0,178.0,178.0,150.0,1.0
44,forest,18,35.0,146.0,45.0,37.0,39.0,16.0
44,lake,19,107.0,252.0,169.0,2.0,72.0,169.0
44,mine,20,23.0,96.0,58.0,58.0,34.0,22.0
44,field,21,25.0,252.0,178.0,178.0,152.0,2.0
44,field,22,25.0,251.0,180.0,180.0,150.0,3.0
44,forest,23,48.0,154.0,40.0,24.0,40.0,15.0
44,home,24,24.0,102.0,79.0,78.0,72.0,48.0
45,forest,0,51.0,168.0,32.0,17.0,32.0,10.0
45,field,1,25.0,255.0,165.0,165.0,140.0,0.0
45,swamp,2,21.0,122.0,71.0,71.0,62.0,37.0
45,field,3,25.0,255.0,166.0,166.0,141.0,0.0
45,grassland,4,41.0,216.0,115.0,79.0,115.0,18.0
45,forest,5,51.0,150.0,38.0,23.0,37.0,13.0
45,field,6,25.0,252.0,165.0,165.0,141.0,2.0
45,swamp,7,23.0,36.0,99.0,99.0,96.0,84.0
45,swamp,8,21.0,115.0,74.0,73.0,64.0,40.0
45,swamp,9,21.0,77.0,75.0,75.0,68.0,51.0
45,home,10,103.0,97.0,79.0,59.0,68.0,62.0
45,field,11,25.0,254.0,166.0,166.0,141.0,1.0
45,mine,12,23.0,67.0,44.0,43.0,30.0,22.0
45,swamp,13,20.0,113.0,83.0,83.0,71.0,45.0
45,swamp,14,23.0,52.0,93.0,93.0,88.0,71.0
45,forest,15,48.0,118.0,37.0,25.0,36.0,19.0
45,field,16,25.0,251.0,172.0,172.0,146.0,3.0
45,field,17,25.0,238.0,171.0,171.0,147.0,11.0
45,lake,18,108.0,246.0,130.0,5.0,62.0,125.0
45,lake,19,108.0,255.0,171.0,0.0,69.0,171.0
45,forest,20,54.0,114.0,39.0,25.0,39.0,20.0
45,forest,21,40.0,113.0,45.0,36.0,41.0,21.0
45,forest,22,54.0,97.0,37.0,26.0,37.0,22.0
45,lake,23,108.0,251.0,160.0,3.0,68.0,160.0
45,lake,24,108.0,255.0,173.0,0.0,72.0,173.0
46,field,0,25.0,232.0,162.0,162.0,137.0,15.0
46,lake,1,108.0,252.0,154.0,2.0,65.0,154.0
46,lake,2,109.0,255.0,164.0,0.0,62.0,164.0
46,forest,3,52.0,117.0,32.0,21.0,32.0,17.0
46,forest,4,50.0,117.0,32.0,22.0,32.0,17.0
46,field,5,25.0,236.0,173.0,173.0,148.0,13.0
46,field,6,25.0,235.0,171.0,171.0,145.0,13.0
46,forest,7,42.0,68.0,44.0,40.0,42.0,31.0
46,forest,8,66.0,78.0,36.0,26.0,36.0,26.0
46,forest,9,61.0,78.0,35.0,25.0,35.0,24.0
46,field,10,25.0,243.0,173.0,173.0,145.0,8.0
46,lake,11,108.0,237.0,128.0,11.0,61.0,116.0
46,forest,12,58.0,85.0,40.0,27.0,40.0,26.0
46,forest,13,55.0,91.0,34.0,25.0,34.0,21.0
46,swamp,14,21.0,72.0,84.0,84.0,78.0,59.0
46,field,15,25.0,252.0,176.0,176.0,149.0,2.0
46,lake,16,108.0,248.0,133.0,7.0,62.0,120.0
46,lake,17,108.0,255.0,166.0,0.0,64.0,166.0
46,forest,18,36.0,135.0,39.0,32.0,35.0,16.0
46,mine,19,23.0,89.0,38.0,37.0,29.0,21.0
46,field,20,25.0,251.0,177.0,177.0,149.0,3.0
46,field,21,25.0,248.0,175.0,175.0,148.0,5.0
46,field,22,25.0,245.0,172.0,172.0,145.0,7.0
46,forest,23,39.0,112.0,39.0,33.0,35.0,19.0
46,home,24,30.0,77.0,60.0,51.0,53.0,46.0
47,forest,0,35.0,147.0,49.0,43.0,44.0,18.0
47,forest,1,47.0,150.0,39.0,25.0,39.0,15.0
47,forest,2,46.0,143.0,41.0,28.0,41.0,17.0
47,field,3,25.0,248.0,170.0,170.0,142.0,4.0
47,field,4,25.0,240.0,168.0,168.0,141.0,10.0
47,grassland,5,42.0,217.0,130.0,88.0,130.0,20.0
47,grassland,6,40.0,226.0,123.0,86.0,123.0,14.0
47,grassland,7,42.0,226.0,124.0,81.0,124.0,14.0
47,field,8,25.0,248.0,162.0,162.0,136.0,4.0
47,mine,9,23.0,35.0,29.0,28.0,26.0,24.0
47,lake,10,108.0,245.0,135.0,6.0,58.0,135.0
47,grassland,11,38.0,217.0,100.0,76.0,93.0,15.0
47,home,12,32.0,65.0,52.0,49.0,49.0,36.0
47,field,13,25.0,245.0,154.0,154.0,131.0,6.0
47,mine,14,26.0,46.0,29.0,27.0,26.0,23.0
47,swamp,15,20.0,127.0,87.0,87.0,72.0,42.0
47,grassland,16,42.0,242.0,120.0,76.0,120.0,6.0
47,grassland,17,39.0,240.0,101.0,72.0,97.0,6.0
47,field,18,25.0,255.0,162.0,162.0,137.0,0.0
47,grassland,19,44.0,211.0,111.0,68.0,111.0,19.0
47,lake,20,109.0,253.0,140.0,1.0,53.0,140.0
47,grassland,21,37.0,215.0,82.0,69.0,74.0,13.0
47,grassland,22,45.0,224.0,101.0,59.0,101.0,12.0
47,grassland,23,46.0,194.0,97.0,57.0,97.0,23.0
47,grassland,24,48.0,183.0,95.0,55.0,95.0,27.0
48,lake,0,108.0,253.0,141.0,1.0,57.0,141.0
48,swamp,1,21.0,97.0,75.0,75.0,67.0,46.0
48,field,2,25.0,254.0,170.0,170.0,144.0,1.0
48,forest,3,51.0,106.0,34.0,24.0,34.0,19.0
48,forest,4,52.0,108.0,34.0,23.0,34.0,18.0
48,field,5,25.0,250.0,160.0,160.0,134.0,3.0
48,field,6,25.0,253.0,169.0,169.0,141.0,1.0
48,field,7,25.0,254.0,172.0,172.0,145.0,1.0
48,field,8,25.0,254.0,173.0,173.0,145.0,1.0
48,forest,9,35.0,145.0,42.0,34.0,37.0,16.0
48,field,10,25.0,250.0,161.0,161.0,135.0,3.0
48,field,11,25.0,252.0,171.0,171.0,144.0,2.0
48,home,12,25.0,77.0,112.0,112.0,106.0,75.0
48,field,13,25.0,249.0,174.0,174.0,146.0,4.0
48,grassland,14,38.0,128.0,44.0,36.0,40.0,20.0
48,swamp,15,21.0,78.0,99.0,99.0,89.0,67.0
48,mine,16,23.0,58.0,29.0,28.0,25.0,20.0
48,mine,17,22.0,75.0,35.0,35.0,26.0,19.0
48,field,18,25.0,254.0,177.0,177.0,149.0,1.0
48,field,19,25.0,246.0,177.0,177.0,149.0,6.0
48,swamp,20,20.0,140.0,85.0,85.0,69.0,37.0
48,swamp,21,23.0,96.0,98.0,98.0,90.0,61.0
48,swamp,22,20.0,119.5,91.0,91.0,79.0,48.0
48,swamp,23,20.0,128.0,85.0,84.0,71.0,41.0
48,swamp,24,21.0,48.0,115.0,115.0,109.0,93.0
49,field,0,25.0,255.0,160.0,160.0,135.0,0.0
49,lake,1,109.0,255.0,139.0,0.0,53.0,139.0
49,lake,2,109.0,252.0,114.0,3.0,50.0,108.0
49,forest,3,51.0,139.0,31.0,19.0,31.0,12.0
49,forest,4,60.0,87.0,35.0,25.0,35.0,24.0
49,field,5,25.0,253.0,163.0,163.0,137.0,1.0
49,forest,6,53.0,117.0,34.0,22.0,34.0,17.0
49,mine,7,24.0,77.0,51.0,50.0,33.0,23.0
49,field,8,25.0,246.0,165.0,165.0,140.0,6.0
49,lake,9,108.0,255.0,164.0,0.0,66.0,164.0
49,swamp,10,21.0,89.0,76.0,75.0,67.0,48.0
49,grassland,11,42.0,208.0,118.0,81.0,118.0,21.0
49,home,12,23.0,25.0,100.0,100.0,95.0,90.0
49,lake,13,108.0,253.0,159.0,1.0,62.0,159.0
49,lake,14,108.0,255.0,167.0,0.0,66.0,167.0
49,grassland,15,37.0,210.0,102.0,86.0,95.0,18.0
49,grassland,16,42.0,213.0,111.0,74.0,111.0,19.0
49,forest,17,55.0,85.0,34.0,25.0,34.0,22.0
49,lake,18,108.0,251.0,157.0,3.0,65.0,157.0
49,lake,19,108.0,250.0,153.0,3.0,67.0,153.0
49,field,20,25.0,254.0,171.0,171.0,145.0,1.0
49,field,21,25.0,249.0,171.0,171.0,144.0,4.0
49,forest,22,39.0,94.0,43.0,37.0,39.0,24.0
49,forest,23,58.0,87.0,36.0,26.0,36.0,23.0
49,forest,24,60.0,82.0,37.0,27.0,37.0,26.0
50,forest,0,51.0,133.0,36.0,22.0,36.0,16.0
50,forest,1,48.0,131.0,34.0,23.0,34.0,15.0
50,forest,2,40.0,135.0,37.0,30.0,34.0,15.0
50,field,3,25.0,255.0,162.0,162.0,134.0,0.0
50,grassland,4,45.0,231.0,103.0,56.0,103.0,10.0
50,forest,5,50.0,143.0,37.0,22.0,37.0,15.0
50,forest,6,38.0,142.0,41.0,33.0,36.0,15.0
50,forest,7,48.0,128.0,33.0,23.0,33.0,16.0
50,field,8,24.0,252.0,156.0,156.0,129.0,2.0
50,grassland,9,43.0,226.0,110.0,68.0,110.0,13.0
50,forest,10,50.0,130.0,36.0,23.0,36.0,17.0
50,lake,11,108.0,254.0,166.0,1.0,66.0,166.0
50,home,12,30.0,40.0,101.0,90.0,93.0,90.0
50,field,13,25.0,250.0,165.0,165.0,137.0,3.0
50,grassland,14,45.0,205.0,102.0,63.0,102.0,20.0
50,lake,15,108.0,254.0,168.0,1.0,69.0,168.0
50,lake,16,108.0,248.0,124.0,5.0,55.0,118.0
50,field,17,25.0,246.5,169.0,169.0,142.0,5.0
50,field,18,24.0,248.0,157.0,157.0,129.0,4.0
50,mine,19,22.0,43.0,25.0,24.0,22.0,19.0
50,lake,20,108.0,253.0,163.0,1.0,66.0,163.0
50,lake,21,108.0,255.0,158.0,0.0,61.0,158.0
50,lake,22,109.0,255.0,154.0,0.0,59.0,154.0
50,swamp,23,21.0,79.0,81.0,81.0,72.0,51.0
50,mine,24,24.0,46.0,37.0,36.0,32.0,27.0
51,grassland,0,38.0,227.0,104.0,80.0,99.0,11.0
51,grassland,1,42.0,220.0,127.0,84.0,126.0,17.0
51,lake,2,108.0,246.0,135.0,6.0,63.0,125.0
51,lake,3,108.0,248.0,133.0,5.0,60.0,122.0
51,field,4,25.0,248.0,179.0,179.0,151.0,5.0
51,lake,5,108.0,250.0,142.0,3.0,58.0,142.0
51,forest,6,35.0,144.0,49.0,42.0,43.0,18.0
51,forest,7,50.0,114.0,43.0,29.0,42.5,22.0
51,mine,8,24.0,78.0,37.0,37.0,25.0,19.0
51,field,9,25.0,252.0,175.0,175.0,148.0,2.0
51,forest,10,46.0,151.0,41.0,26.0,41.0,15.0
51,forest,11,46.0,149.0,43.0,30.0,43.0,17.0
51,home,12,30.0,47.0,107.0,105.0,103.0,87.0
51,grassland,13,42.0,221.0,123.0,82.0,123.0,17.0
51,field,14,25.0,246.0,161.0,161.0,135.0,6.0
51,field,15,25.0,255.0,181.0,181.0,149.0,0.0
51,swamp,16,20.0,141.0,76.0,75.0,62.0,33.0
51,lake,17,108.0,253.0,153.0,1.0,63.0,153.0
51,grassland,18,43.0,236.0,113.0,66.0,113.0,9.0
51,field,19,25.0,255.0,153.0,153.0,126.0,0.0
51,grassland,20,39.0,249.0,82.0,56.5,76.0,2.0
51,grassland,21,43.0,250.0,85.0,51.0,85.0,2.0
51,grassland,22,38.0,224.0,75.0,63.0,64.0,9.0
51,grassland,23,45.0,225.0,85.0,47.0,85.0,10.0
51,field,24,25.0,255.0,137.0,137.0,115.0,0.0
52,lake,0,108.0,253.0,160.0,1.0,67.0,160.0
52,swamp,1,23.0,47.0,80.0,78.0,75.0,63.0
52,field,2,27.0,235.0,170.0,170.0,152.0,13.0
52,forest,3,61.0,83.0,39.0,27.0,39.0,27.0
52,forest,4,62.0,90.0,39.0,26.0,39.0,26.0
52,field,5,26.0,221.0,158.0,158.0,140.0,21.0
52,field,6,26.0,228.0,167.0,167.0,148.0,17.0
52,field,7,27.0,230.0,169.0,169.0,152.0,16.0
52,field,8,26.0,236.0,172.0,172.0,151.0,13.0
52,forest,9,46.0,92.0,47.0,38.0,44.0,27.0
52,field,10,26.0,225.0,161.0,161.0,142.0,18.0
52,field,11,26.0,235.0,167.0,167.0,148.0,13.0
52,home,12,29.0,113.0,68.0,61.0,60.0,42.0
52,field,13,26.0,232.0,171.0,171.0,149.0,15.5
52,forest,14,49.0,89.0,48.0,38.0,45.0,30.0
52,swamp,15,22.0,39.0,100.0,100.0,96.0,84.0
52,mine,16,28.0,38.0,30.0,29.0,28.0,25.0
52,mine,17,24.0,57.0,37.0,36.0,29.0,23.0
52,field,18,26.0,243.0,175.0,175.0,154.0,8.0
52,field,19,26.0,229.0,176.0,176.0,155.0,18.0
52,swamp,20,21.0,103.0,86.0,86.0,75.0,51.0
52,swamp,21,25.0,57.0,99.0,99.0,95.0,76.0
52,swamp,22,22.0,81.0,93.0,93.0,85.0,63.0
52,swamp,23,22.0,85.0,85.0,84.0,76.0,55.0
52,swamp,24,24.0,18.0,117.0,117.0,115.0,107.0
53,field,0,26.0,246.0,162.0,162.0,143.0,6.0
53,lake,1,109.0,255.0,160.0,0.0,60.0,160.0
53,lake,2,109.0,251.0,124.0,3.0,57.0,122.0
53,forest,3,60.0,104.0,37.0,24.0,37.0,23.0
53,forest,4,79.0,81.0,43.0,31.0,43.0,38.0
53,field,5,26.0,244.0,164.0,164.0,144.0,7.0
53,forest,6,58.0,111.0,36.0,21.0,36.0,20.0
53,mine,7,105.0,105.0,59.0,43.0,49.0,41.0
53,field,8,26.0,219.0,164.0,164.0,147.0,23.0
53,lake,9,108.0,255.0,189.0,0.0,78.0,189.0
53,swamp,10,23.0,47.0,77.0,76.0,74.0,62.0
53,grassland,11,46.0,174.0,124.0,79.0,124.0,39.0
53,home,12,34.0,118.0,64.0,54.0,55.0,46.0
53,lake,13,108.0,254.0,172.0,1.0,69.0,172.0
53,lake,14,108.0,254.0,190.0,1.0,79.0,190.0
53,grassland,15,42.0,167.0,109.0,88.0,104.0,36.0
53,grassland,16,47.0,171.0,119.0,75.0,119.0,39.0
53,forest,17,65.0,78.0,39.0,28.0,39.0,29.0
53,lake,18,107.0,249.0,176.0,5.0,78.0,176.0
53,lake,19,107.0,246.0,175.0,7.0,82.0,175.0
53,field,20,26.0,236.0,171.0,171.0,152.0,13.0
53,field,21,26.0,227.0,171.0,171.0,152.0,19.0
53,forest,22,55.0,64.0,48.0,41.0,47.0,37.0
53,forest,23,77.0,83.0,46.0,33.0,46.0,39.0
53,forest,24,80.0,85.0,50.0,35.0,50.0,44.0
54,forest,0,70.0,85.0,47.0,32.0,47.0,37.0
54,forest,1,66.0,82.0,44.0,32.0,44.0,34.0
54,forest,2,65.0,62.0,45.0,37.0,44.0,36.0
54,field,3,26.0,225.0,164.0,164.0,145.0,19.0
54,grassland,4,51.0,161.0,113.0,64.0,113.0,42.0
54,forest,5,58.0,104.0,41.0,25.0,41.0,24.0
54,forest,6,48.0,98.0,43.0,34.0,41.0,24.0
54,forest,7,58.0,88.0,39.0,26.0,38.0,26.0
54,field,8,26.0,233.0,150.0,150.0,130.0,13.0
54,grassland,9,47.0,192.0,121.0,70.0,121.0,30.0
54,forest,10,57.0,99.0,40.0,25.0,40.0,24.0
54,lake,11,108.0,254.0,181.0,1.0,72.0,181.0
54,home,12,35.0,72.0,68.0,58.0,62.0,56.0
54,field,13,26.0,233.0,164.0,164.0,142.0,14.0
54,grassland,14,48.0,171.0,111.0,66.0,110.0,37.0
54,lake,15,108.0,254.0,186.0,1.0,78.0,186.0
54,lake,16,108.0,248.0,138.0,4.0,64.0,135.0
54,field,17,26.0,231.0,170.0,170.0,149.0,16.0
54,field,18,25.0,228.0,157.0,157.0,135.0,17.0
54,mine,19,30.0,38.0,29.0,28.0,27.0,26.0
54,lake,20,107.0,254.0,189.0,1.0,80.0,189.0
54,lake,21,108.0,255.0,185.0,0.0,75.0,185.0
54,lake,22,108.0,255.0,184.0,0.0,74.0,184.0
54,swamp,23,22.0,62.0,96.0,96.0,90.0,71.0
54,mine,24,26.0,48.0,38.0,37.0,29.0,25.0
55,grassland,0,41.0,200.0,110.0,77.0,108.0,24.0
55,grassland,1,46.0,193.0,134.0,82.0,134.0,33.0
55,lake,2,107.0,247.0,148.0,5.0,71.0,145.0
55,lake,3,108.0,248.0,144.0,5.0,66.0,138.0
55,field,4,26.0,231.0,179.0,179.0,158.0,17.0
55,lake,5,108.0,251.0,157.0,2.0,64.0,157.0
55,forest,6,40.0,113.0,49.0,41.0,45.0,24.0
55,forest,7,56.0,93.0,46.0,32.0,46.0,28.0
55,mine,8,24.0,63.0,41.0,40.0,29.0,23.0
55,field,9,26.0,241.0,181.0,181.0,159.0,10.0
55,forest,10,52.0,128.0,43.0,26.5,43.0,20.0
55,forest,11,51.0,123.0,41.0,27.0,41.0,20.0
55,home,12,38.0,50.0,72.0,66.0,69.0,61.0
55,grassland,13,44.0,196.0,134.0,85.0,134.0,31.0
55,field,14,25.0,227.0,172.0,172.0,149.0,19.0
55,field,15,26.0,247.0,186.0,186.0,160.0,6.0
55,swamp,16,21.0,108.0,91.0,90.0,79.0,50.0
55,lake,17,107.0,254.0,184.0,1.0,80.0,184.0
55,grassland,18,46.0,197.0,140.0,84.0,140.0,32.0
55,field,19,26.0,234.0,175.0,175.0,153.0,15.0
55,grassland,20,39.0,218.0,127.0,92.0,122.0,19.0
55,grassland,21,43.0,220.0,135.0,86.0,135.0,19.0
55,grassland,22,38.0,193.0,120.0,98.0,108.0,27.5
55,grassland,23,46.0,195.0,132.0,76.0,132.0,30.0
55,field,24,26.0,242.0,170.0,170.0,149.0,9.0
56,mine,0,20.0,121.0,54.0,54.0,30.0,18.0
56,forest,1,42.0,124.0,33.0,26.0,33.0,16.0
56,lake,2,106.0,247.0,127.0,8.0,63.0,109.0
56,lake,3,107.0,253.0,152.0,1.0,69.0,152.0
56,lake,4,107.0,255.0,154.0,0.0,69.0,154.0
56,field,5,24.0,254.0,183.0,183.0,145.0,1.0
56,forest,6,39.0,162.0,37.0,28.0,37.0,13.0
56,lake,7,106.0,250.0,141.0,4.0,67.0,128.0
56,lake,8,106.0,253.0,154.0,1.0,71.0,154.0
56,lake,9,106.0,255.0,156.0,0.0,71.0,156.0
56,field,10,24.0,254.0,185.0,185.0,147.0,1.0
56,field,11,23.0,250.0,185.0,185.0,146.0,4.0
56,mine,12,21.0,149.0,64.0,46.0,33.0,17.0
56,lake,13,107.0,253.0,154.0,1.0,69.0,154.0
56,lake,14,107.0,249.0,129.0,6.0,63.0,112.0
56,swamp,15,18.0,176.0,88.0,86.0,64.0,22.0
56,swamp,16,18.0,96.0,118.0,118.0,100.0,72.0
56,swamp,17,19.0,149.0,100.0,100.0,77.0,40.0
56,forest,18,31.0,191.0,50.0,44.0,42.0,10.0
56,forest,19,36.0,197.0,38.0,28.0,37.0,8.0
56,swamp,20,18.0,182.0,102.0,102.0,74.0,29.0
56,swamp,21,20.0,135.0,114.0,114.0,95.0,53.0
56,home,22,17.0,93.0,123.0,123.0,99.0,77.0
56,field,23,23.0,250.0,191.0,191.0,150.0,4.0
56,forest,24,32.0,161.0,53.0,47.0,46.0,17.0
57,grassland,0,38.0,248.0,107.0,78.0,107.0,3.0
57,forest,1,30.0,199.0,37.0,35.0,32.0,7.0
57,grassland,2,40.0,248.0,106.0,69.0,106.0,3.0
57,grassland,3,38.0,235.0,115.0,85.0,115.0,9.0
57,lake,4,108.0,255.0,142.0,0.0,59.0,142.0
57,grassland,5,39.0,248.0,114.0,80.0,113.0,3.0
57,forest,6,38.0,219.0,30.0,21.0,30.0,4.0
57,grassland,7,34.0,235.0,99.0,89.0,88.0,7.0
57,field,8,23.0,255.0,178.0,178.0,139.0,0.0
57,forest,9,43.0,153.0,33.0,24.0,33.0,12.0
57,grassland,10,39.0,236.0,116.0,82.0,115.0,9.0
57,grassland,11,37.0,244.0,105.0,81.0,105.0,5.0
57,grassland,12,38.0,236.0,109.0,81.0,109.0,8.0
57,field,13,23.0,245.0,166.0,166.0,127.0,6.0
57,home,14,21.0,46.0,102.0,97.0,94.0,84.0
57,grassland,15,37.0,228.0,118.0,93.0,118.0,13.0
57,swamp,16,19.0,152.0,86.0,86.0,69.0,33.0
57,grassland,17,39.0,198.0,112.0,85.0,112.0,25.0
57,field,18,23.0,240.0,180.0,180.0,142.0,11.0
57,field,19,23.0,245.0,169.0,169.0,131.0,6.0
57,grassland,20,38.0,242.0,114.0,85.0,114.0,6.0
57,swamp,21,18.0,156.0,88.0,88.0,70.0,32.0
57,grassland,22,34.0,201.0,107.0,98.0,94.0,22.0
57,lake,23,106.0,253.0,152.0,1.0,70.0,152.0
57,lake,24,107.0,250.0,138.0,3.0,62.0,138.0
58,field,0,23.0,247.0,184.0,184.0,145.0,6.0
58,swamp,1,18.0,112.0,107.0,107.0,90.0,58.0
58,swamp,2,17.0,121.0,85.0,84.0,67.0,42.0
58,field,3,23.0,254.0,178.0,178.0,139.0,1.0
58,home,4,22.0,110.0,110.0,110.0,97.0,61.0
58,mine,5,20.0,77.0,36.0,36.0,28.0,20.0
58,mine,6,20.0,109.0,40.0,40.0,28.0,20.0
58,field,7,23.0,254.0,182.0,182.0,140.0,1.0
58,field,8,23.0,255.0,180.0,180.0,138.0,0.0
58,forest,9,30.0,168.0,39.0,35.0,33.0,11.0
58,mine,10,20.0,70.0,33.0,32.0,27.0,22.0
58,field,11,23.0,248.0,178.0,178.0,138.0,5.0
58,field,12,23.0,255.0,184.0,184.0,143.0,0.0
58,forest,13,42.0,180.0,36.0,25.0,36.0,10.0
58,forest,14,37.0,174.0,34.0,25.0,34.0,10.0
58,lake,15,108.0,244.0,122.0,6.0,54.0,122.0
58,field,16,23.0,255.0,189.0,189.0,147.0,0.0
58,field,17,23.0,255.0,187.0,187.0,146.0,0.0
58,field,18,23.0,254.0,183.0,183.0,142.0,1.0
58,forest,19,30.0,180.0,43.0,40.0,36.0,11.0
58,grassland,20,35.0,234.0,107.0,90.0,102.0,9.0
58,grassland,21,35.0,242.0,112.0,91.0,99.0,6.0
58,field,22,23.0,254.0,186.0,186.0,144.0,1.0
58,forest,23,38.0,180.0,38.0,27.0,36.0,10.0
58,forest,24,38.0,182.0,39.0,29.0,38.0,10.0
59,mine,0,19.0,137.0,67.0,67.0,35.0,20.0
59,field,1,23.0,254.0,197.0,197.0,155.0,1.0
59,home,2,21.0,86.0,122.0,121.0,109.0,80.0
59,field,3,23.0,251.0,196.0,196.0,154.0,3.0
59,lake,4,107.0,253.0,154.0,1.0,70.0,154.0
59,forest,5,32.0,207.5,57.0,50.0,48.0,9.0
59,field,6,23.0,254.0,199.0,199.0,155.0,1.0
59,lake,7,106.0,239.0,129.0,13.0,63.0,110.0
59,field,8,24.0,246.0,198.0,198.0,156.0,7.0
59,lake,9,106.0,242.0,138.0,11.0,70.0,121.0
59,forest,10,36.0,175.0,47.0,37.0,46.0,14.0
59,field,11,23.0,250.0,200.0,200.0,156.0,4.0
59,field,12,23.0,250.0,200.0,200.0,156.0,4.0
59,field,13,23.0,248.0,185.0,185.0,144.0,5.0
59,lake,14,107.0,253.0,150.0,1.0,66.0,150.0
59,forest,15,39.0,191.0,39.0,27.0,39.0,8.0
59,forest,16,38.0,190.0,34.0,25.0,33.0,8.0
59,field,17,22.0,252.0,150.0,150.0,114.0,2.0
59,swamp,18,18.0,126.0,88.0,88.0,71.0,44.0
59,lake,19,108.0,255.0,127.0,0.0,50.0,127.0
59,forest,20,36.0,170.0,22.0,16.0,22.0,7.0
59,forest,21,36.0,153.0,21.0,16.0,21.0,8.0
59,forest,22,36.0,164.0,25.0,19.0,24.0,8.0
59,forest,23,36.0,153.0,23.0,19.0,23.0,9.0
59,lake,24,108.0,252.0,117.0,2.0,49.0,115.0
60,mine,0,20.0,93.0,42.0,42.0,27.0,19.0
60,forest,1,43.0,113.0,35.0,26.0,35.0,18.0
60,lake,2,107.0,248.0,132.0,6.0,64.0,116.0
60,lake,3,106.0,255.0,153.0,0.0,70.0,153.0
60,lake,4,107.0,255.0,155.0,0.0,70.0,155.0
60,field,5,24.0,254.0,184.0,184.0,146.0,1.0
60,forest,6,40.0,153.5,38.0,28.0,38.0,14.0
60,lake,7,106.0,250.0,146.0,4.0,68.0,136.0
60,lake,8,106.0,253.0,155.0,1.0,73.0,155.0
60,lake,9,106.0,255.0,157.0,0.0,72.0,157.0
60,field,10,24.0,255.0,186.0,186.0,147.0,0.0
60,field,11,23.0,248.0,187.0,187.0,147.0,5.0
60,mine,12,20.0,134.0,52.0,44.0,30.0,17.0
60,lake,13,106.0,253.0,155.0,1.0,71.0,155.0
60,lake,14,106.0,248.0,132.0,7.0,65.0,112.0
60,swamp,15,18.0,175.0,87.0,86.0,63.0,24.0
60,swamp,16,18.0,95.0,119.0,119.0,102.0,74.0
60,swamp,17,18.0,153.0,102.0,102.0,78.0,40.0
60,forest,18,32.0,195.0,50.0,43.0,42.0,9.0
60,forest,19,36.0,206.0,38.0,28.0,37.0,7.0
60,swamp,20,18.0,183.0,103.0,103.0,74.0,28.0
60,swamp,21,20.0,135.0,113.0,113.0,94.0,52.0
60,home,22,18.0,109.0,70.0,70.0,54.0,42.0
60,field,23,23.0,251.0,188.0,188.0,145.0,3.0
60,forest,24,31.0,163.0,53.0,47.0,45.0,16.0
61,grassland,0,38.0,248.0,109.0,80.0,109.0,3.0
61,forest,1,32.0,196.0,38.0,35.0,32.0,7.0
61,grassland,2,40.0,248.0,108.0,71.0,108.0,3.0
61,grassland,3,38.0,242.0,115.0,85.0,115.0,6.0
61,lake,4,108.0,255.0,144.0,0.0,60.0,144.0
61,grassland,5,39.0,247.0,116.0,83.0,115.0,4.0
61,forest,6,38.0,217.0,30.0,21.0,30.0,5.0
61,grassland,7,35.0,239.0,103.5,91.0,92.0,6.0
61,field,8,23.0,255.0,178.0,178.0,139.0,0.0
61,forest,9,43.0,109.0,53.0,44.0,48.0,29.0
61,grassland,10,39.0,236.0,117.0,84.0,117.0,9.0
61,grassland,11,37.0,245.0,107.0,83.0,107.0,4.0
61,grassland,12,38.0,236.0,111.0,84.0,111.0,8.0
61,field,13,23.0,248.0,165.0,165.0,126.0,5.0
61,home,14,24.0,108.0,74.0,69.0,65.0,43.0
61,grassland,15,37.0,226.0,119.0,95.0,119.0,14.0
61,swamp,16,19.0,151.0,88.0,88.0,70.0,33.0
61,grassland,17,39.0,202.0,114.0,86.0,114.0,24.0
61,field,18,23.0,241.0,182.0,182.0,144.0,10.0
61,field,19,23.0,245.0,175.0,175.0,135.0,6.0
61,grassland,20,38.0,243.0,116.0,87.0,116.0,5.0
61,swamp,21,18.0,160.0,89.0,89.0,69.5,32.0
61,grassland,22,34.0,206.0,110.0,102.0,96.0,21.0
61,lake,23,106.0,253.0,153.0,1.0,71.0,153.0
61,lake,24,107.0,250.0,141.0,3.0,64.0,141.0
62,field,0,23.0,244.0,189.0,189.0,148.0,8.0
62,swamp,1,18.0,110.0,111.0,111.0,93.0,61.0
62,swamp,2,17.0,122.0,89.0,89.0,70.0,43.0
62,field,3,23.0,251.0,182.0,182.0,142.0,3.0
62,home,4,23.0,181.0,78.0,76.0,63.5,23.0
62,mine,5,20.0,75.0,36.0,35.0,28.0,21.0
62,mine,6,20.0,109.0,44.0,44.0,31.0,22.0
62,field,7,23.0,254.0,187.0,187.0,144.0,1.0
62,field,8,23.0,254.0,185.0,185.0,142.0,1.0
62,forest,9,28.0,174.0,42.0,38.0,34.0,11.0
62,mine,10,20.0,79.0,35.0,35.0,29.0,22.0
62,field,11,23.0,247.0,182.0,182.0,142.0,6.0
62,field,12,23.0,255.0,189.0,189.0,147.0,0.0
62,forest,13,42.0,178.0,38.0,26.0,38.0,11.0
62,forest,14,37.0,172.0,37.0,27.0,36.0,11.0
62,lake,15,108.0,242.0,123.0,7.0,56.0,123.0
62,field,16,23.0,255.0,194.0,194.0,151.0,0.0
62,field,17,23.0,254.0,191.0,191.0,150.0,1.0
62,field,18,23.0,255.0,188.0,188.0,146.0,0.0
62,forest,19,30.0,184.0,45.0,42.0,38.0,11.0
62,grassland,20,35.0,234.0,111.0,93.0,105.0,9.0
62,grassland,21,35.0,242.0,117.0,97.0,109.0,6.0
62,field,22,23.0,254.0,191.0,191.0,148.0,1.0
62,forest,23,39.0,184.0,39.0,28.0,38.0,10.0
62,forest,24,38.0,185.0,42.0,30.0,42.0,10.0
63,mine,0,19.0,144.0,70.0,70.0,36.0,19.0
63,field,1,23.0,254.0,197.0,197.0,154.0,1.0
63,home,2,22.0,114.0,82.0,81.0,71.0,47.0
63,field,3,23.0,252.0,198.0,198.0,154.0,2.0
63,lake,4,106.0,253.0,154.0,1.0,71.0,154.0
63,forest,5,31.0,213.0,60.0,54.0,50.0,9.0
63,field,6,23.0,254.0,201.0,201.0,156.0,1.0
63,lake,7,106.0,236.0,129.0,15.0,64.0,107.0
63,field,8,23.0,246.0,201.0,201.0,158.0,7.0
63,lake,9,106.0,241.0,144.0,12.0,73.0,126.0
63,forest,10,36.0,177.0,48.0,38.0,47.0,14.0
63,field,11,23.0,250.0,202.0,202.0,157.0,4.0
63,field,12,23.0,249.0,203.0,203.0,159.0,5.0
63,field,13,23.0,245.0,192.0,192.0,149.0,7.0
63,lake,14,106.0,252.0,156.0,2.0,71.0,156.0
63,forest,15,38.0,192.0,45.0,32.0,45.0,10.0
63,forest,16,38.0,198.0,39.0,29.0,39.0,8.0
63,field,17,22.0,252.0,167.0,167.0,127.0,2.0
63,swamp,18,17.0,132.0,104.0,104.0,83.0,49.0
63,lake,19,108.0,255.0,134.0,0.0,56.0,134.0
63,forest,20,36.0,172.0,27.0,20.0,26.0,8.0
63,forest,21,36.0,159.0,25.0,18.0,24.0,8.0
63,forest,22,36.0,179.0,27.0,21.0,27.0,7.0
63,forest,23,36.0,151.0,25.0,19.0,24.0,9.0
63,lake,24,108.0,251.0,119.0,3.0,50.0,117.0
64,forest,0,54.0,90.0,40.0,29.0,39.0,25.0
64,forest,1,35.0,96.0,47.0,41.0,43.0,26.0
64,forest,2,35.0,102.0,49.0,44.0,44.0,26.0
64,forest,3,34.0,103.0,52.0,47.0,47.0,27.0
64,forest,4,43.0,120.0,44.0,33.0,43.0,22.0
64,forest,5,45.0,102.0,37.0,29.0,37.0,21.0
64,field,6,24.0,248.0,181.0,181.0,144.0,5.0
64,field,7,24.0,245.0,184.0,184.0,147.0,7.0
64,field,8,24.0,245.0,187.0,187.0,149.0,7.0
64,field,9,23.0,247.0,180.0,180.0,141.0,5.0
64,forest,10,35.0,118.0,44.0,37.0,38.0,20.0
64,field,11,23.0,244.0,181.0,181.0,144.0,8.0
64,field,12,24.0,252.0,185.0,185.0,147.0,2.0
64,field,13,24.0,254.0,187.0,187.0,147.0,1.0
64,field,14,24.0,254.0,189.0,189.0,150.0,1.0
64,forest,15,43.0,147.0,35.0,25.0,35.0,14.0
64,field,16,23.0,252.0,182.0,182.0,143.0,2.0
64,forest,17,43.0,175.0,38.0,24.0,38.0,11.0
64,forest,18,43.0,155.0,37.0,26.0,37.0,14.0
64,field,19,23.0,254.0,189.0,189.0,148.0,1.0
64,forest,20,43.0,163.5,33.0,22.0,33.0,11.0
64,forest,21,42.0,167.0,38.0,27.0,38.0,12.0
64,forest,22,43.0,167.0,36.0,25.0,36.0,12.0
64,forest,23,43.0,150.0,37.0,26.0,36.0,14.0
64,home,24,17.0,76.0,125.0,125.0,106.0,87.0
65,grassland,0,40.0,234.0,119.0,80.0,119.0,10.0
65,grassland,1,40.0,231.0,121.0,86.0,121.0,12.0
65,lake,2,108.0,255.0,143.0,0.0,61.0,143.0
65,field,3,24.0,249.0,181.0,181.0,144.0,4.0
65,swamp,4,19.0,51.0,114.0,114.0,105.0,88.0
65,forest,5,34.0,180.0,44.0,39.0,38.0,11.0
65,grassland,6,40.0,224.0,118.0,83.0,118.0,14.0
65,grassland,7,39.0,234.0,116.0,85.0,116.0,10.0
65,field,8,23.0,244.0,173.0,173.0,135.0,7.0
65,field,9,23.0,228.0,183.0,183.0,147.0,19.0
65,forest,10,44.0,170.0,35.0,23.0,35.0,11.0
65,grassland,11,38.0,217.0,115.0,87.0,115.0,17.0
65,grassland,12,34.0,218.0,109.0,98.0,99.0,16.0
65,field,13,24.0,245.0,186.0,186.0,149.0,7.0
65,home,14,24.0,41.0,112.0,105.0,104.0,99.0
65,lake,15,107.0,249.0,129.0,3.0,58.0,129.0
65,grassland,16,37.0,179.0,103.0,84.0,99.0,28.0
65,grassland,17,36.0,206.0,113.0,92.0,107.0,21.0
65,field,18,24.0,239.0,187.0,187.0,150.0,12.0
65,field,19,23.0,227.0,186.0,186.0,149.0,21.0
65,lake,20,106.0,253.0,165.0,1.0,79.0,165.0
65,grassland,21,35.0,165.0,118.0,106.0,108.0,38.0
65,grassland,22,43.0,195.0,129.0,86.0,129.0,30.0
65,grassland,23,42.0,177.0,135.0,99.0,135.0,41.0
65,grassland,24,43.0,160.0,124.0,91.0,124.0,46.0
66,field,0,23.0,226.0,184.0,184.0,147.0,21.0
66,field,1,23.0,222.0,191.0,191.0,153.0,25.0
66,field,2,23.0,230.0,189.0,189.0,152.0,19.0
66,field,3,23.0,240.0,186.0,186.0,149.0,11.0
66,field,4,23.0,227.0,174.0,174.0,137.0,19.0
66,swamp,5,18.0,99.0,122.0,122.0,103.0,74.0
66,mine,6,21.0,52.0,35.0,35.0,30.0,24.0
66,mine,7,20.0,109.0,69.0,69.0,38.0,26.0
66,mine,8,20.0,85.0,41.0,40.0,26.0,19.0
66,mine,9,21.0,53.0,32.0,32.0,27.0,23.0
66,swamp,10,18.0,129.0,110.0,110.0,89.0,54.0
66,mine,11,20.0,83.0,44.0,44.0,31.0,22.0
66,mine,12,20.0,81.0,44.0,44.0,32.0,23.0
66,swamp,13,18.0,146.0,94.0,94.0,74.0,39.0
66,field,14,24.0,254.0,186.0,186.0,147.0,1.0
66,swamp,15,18.0,138.0,101.0,100.5,80.0,44.0
66,field,16,24.0,250.0,195.0,195.0,155.0,4.0
66,swamp,17,19.0,123.0,118.0,118.0,99.0,61.0
66,swamp,18,18.0,131.0,96.0,96.0,77.0,44.0
66,grassland,19,37.0,215.0,125.0,100.0,125.0,19.0
66,swamp,20,20.0,110.0,120.0,120.0,102.0,66.0
66,swamp,21,18.0,157.0,107.0,107.0,80.0,40.0
66,swamp,22,18.0,152.0,97.0,97.0,76.0,38.0
66,grassland,23,38.0,233.0,124.0,94.0,124.0,11.0
66,home,24,22.0,104.0,127.0,127.0,113.0,73.0
67,lake,0,106.0,255.0,164.0,0.0,78.0,164.0
67,lake,1,106.0,254.0,168.0,1.0,81.0,168.0
67,lake,2,106.0,254.0,170.0,1.0,81.0,170.0
67,lake,3,106.0,255.0,170.0,0.0,80.0,170.0
67,home,4,22.0,68.0,123.0,122.0,112.0,88.0
67,lake,5,106.0,241.0,132.0,10.0,66.0,115.0
67,field,6,23.0,243.0,197.0,197.0,156.0,9.0
67,lake,7,106.0,250.0,151.0,3.0,73.0,151.0
67,lake,8,106.0,247.0,140.0,8.0,70.0,123.0
67,lake,9,106.0,254.0,174.0,1.0,83.0,174.0
67,lake,10,106.0,241.0,133.0,11.0,67.0,115.0
67,field,11,23.0,247.0,198.0,198.0,156.0,6.0
67,field,12,23.0,249.0,192.0,192.0,150.0,5.0
67,forest,13,38.0,186.0,47.0,33.0,46.0,11.0
67,forest,14,40.0,159.0,46.0,34.0,45.0,16.0
67,lake,15,106.0,252.0,159.0,2.0,74.0,159.0
67,forest,16,38.0,179.0,43.0,31.0,42.0,12.0
67,forest,17,31.0,183.5,57.0,49.0,47.0,13.0
67,forest,18,38.0,175.0,45.0,33.0,45.0,13.0
67,forest,19,43.0,106.0,47.0,37.0,47.0,25.0
67,lake,20,106.0,251.0,166.0,3.0,80.0,166.0
67,lake,21,106.0,249.0,160.0,6.0,78.0,157.0
67,lake,22,106.0,252.0,169.0,2.0,80.0,169.0
67,lake,23,105.0,249.0,161.0,7.0,79.0,153.0
67,lake,24,106.0,236.0,142.0,14.0,73.0,125.0
68,forest,0,43.0,134.0,35.0,26.0,35.0,15.0
68,forest,1,32.0,150.0,44.0,39.0,38.0,15.0
68,forest,2,31.0,154.0,46.0,42.0,39.0,16.0
68,forest,3,30.0,153.0,49.0,45.0,42.0,16.0
68,forest,4,38.0,160.0,40.0,31.0,40.0,14.0
68,forest,5,39.0,147.0,35.0,27.0,35.0,13.0
68,field,6,23.0,254.0,182.0,182.0,141.0,1.0
68,field,7,23.0,254.0,185.0,185.0,144.0,1.0
68,field,8,23.0,254.0,188.0,188.0,146.0,1.0
68,field,9,23.0,252.0,182.0,182.0,139.0,2.0
68,forest,10,33.0,161.0,42.0,37.0,36.0,13.0
68,field,11,23.0,252.0,183.0,183.0,142.0,2.0
68,field,12,23.0,255.0,187.0,187.0,146.0,0.0
68,field,13,23.0,255.0,189.0,189.0,146.0,0.0
68,field,14,23.0,255.0,192.0,192.0,149.0,0.0
68,forest,15,38.0,185.0,34.0,25.0,34.0,9.0
68,field,16,23.0,254.0,185.0,185.0,142.0,1.0
68,forest,17,39.0,210.0,38.0,25.0,37.0,7.0
68,forest,18,38.0,185.0,36.0,26.0,36.0,9.0
68,field,19,23.0,254.0,191.0,191.0,146.0,1.0
68,forest,20,38.0,196.0,34.0,23.0,33.0,7.0
68,forest,21,37.0,200.0,38.0,28.0,38.0,8.0
68,forest,22,38.0,194.0,36.0,26.0,35.0,8.0
68,forest,23,37.0,174.0,35.0,26.0,34.0,10.0
68,home,24,17.0,108.0,82.0,82.0,65.0,48.0
69,field,0,23.0,242.0,186.0,186.0,143.0,9.0
69,field,1,23.0,242.0,190.0,190.0,148.0,10.0
69,field,2,23.0,247.0,189.0,189.0,147.0,6.0
69,field,3,23.0,252.0,186.0,186.0,143.0,2.0
69,field,4,22.0,245.0,175.0,175.0,133.0,7.0
69,swamp,5,17.0,126.0,123.0,123.0,98.0,62.0
69,mine,6,20.0,81.0,35.0,35.0,28.0,20.0
69,mine,7,19.0,135.0,71.0,71.0,34.0,20.0
69,mine,8,19.0,118.0,43.0,43.0,23.0,15.0
69,mine,9,20.0,78.0,31.0,31.0,24.0,19.0
69,swamp,10,18.0,159.0,108.0,108.0,82.0,41.0
69,mine,11,19.0,112.0,45.0,45.0,29.0,18.0
69,mine,12,19.0,119.0,44.0,44.0,29.0,18.0
69,swamp,13,17.0,175.0,93.0,93.0,68.0,28.0
69,field,14,23.0,255.0,187.0,187.0,143.0,0.0
69,swamp,15,18.0,168.0,106.0,106.0,78.0,33.0
69,field,16,23.0,254.0,197.0,197.0,152.0,1.0
69,swamp,17,19.0,144.0,118.0,118.0,93.5,51.0
69,swamp,18,17.0,165.0,97.0,97.0,71.0,32.0
69,grassland,19,35.0,234.0,118.0,98.0,118.0,10.0
69,swamp,20,20.0,141.0,124.0,124.0,102.0,55.0
69,swamp,21,18.0,182.0,112.0,112.0,79.0,31.0
69,swamp,22,17.0,177.0,99.0,99.0,73.0,29.0
69,grassland,23,37.0,247.0,116.0,89.0,116.0,4.0
69,home,24,22.0,148.0,88.0,88.0,73.0,37.0
70,lake,0,106.0,255.0,153.0,0.0,73.5,153.0
70,lake,1,105.0,253.0,157.0,1.0,77.0,157.0
70,lake,2,106.0,254.0,160.0,1.0,77.0,160.0
70,lake,3,106.0,255.0,157.0,0.0,74.0,157.0
70,home,4,23.0,130.0,73.0,65.0,61.0,42.0
70,lake,5,106.0,238.0,123.0,14.0,62.0,101.0
70,field,6,23.0,250.0,200.0,200.0,155.0,4.0
70,lake,7,106.0,247.0,138.0,5.0,69.0,138.0
70,lake,8,106.0,243.0,131.0,11.0,65.0,106.0
70,lake,9,105.0,253.0,161.0,1.0,78.0,161.0
70,lake,10,106.0,237.0,126.0,14.0,63.0,105.0
70,field,11,23.0,252.0,201.0,201.0,155.0,2.0
70,field,12,23.0,251.0,194.0,194.0,148.0,3.0
70,forest,13,35.0,216.0,48.0,35.0,47.0,7.0
70,forest,14,37.0,190.0,46.0,35.0,46.0,11.0
70,lake,15,106.0,250.0,153.0,3.0,73.0,153.0
70,forest,16,35.0,206.0,44.0,33.0,43.0,8.0
70,forest,17,29.0,215.0,60.0,54.0,50.0,8.0
70,forest,18,35.0,205.0,47.0,36.0,46.0,9.0
70,forest,19,38.0,134.0,48.0,38.0,47.0,20.0
70,lake,20,106.0,249.0,161.0,4.0,80.0,161.0
70,lake,21,105.0,247.0,156.0,9.0,78.0,151.0
70,lake,22,105.0,251.0,163.0,3.0,80.0,163.0
70,lake,23,105.0,248.0,157.0,9.0,78.0,144.0
70,lake,24,106.0,235.0,139.0,15.0,71.0,120.0
71,forest,0,43.0,131.0,34.0,25.0,34.0,15.0
71,forest,1,31.0,157.0,43.0,38.0,36.0,14.0
71,forest,2,30.0,155.5,46.0,42.0,39.0,15.0
71,forest,3,28.0,162.0,49.0,46.0,42.0,15.0
71,forest,4,37.0,167.0,40.0,31.0,40.0,13.0
71,forest,5,37.0,146.0,33.0,26.0,33.0,13.0
71,field,6,23.0,255.0,178.0,178.0,138.0,0.0
71,field,7,23.0,254.0,183.0,183.0,141.0,1.0
71,field,8,23.0,254.0,186.0,186.0,144.0,1.0
71,field,9,23.0,252.0,180.0,180.0,138.0,2.0
71,forest,10,32.0,152.0,40.0,35.0,34.0,13.0
71,field,11,23.0,252.0,179.0,179.0,138.0,2.0
71,field,12,23.0,255.0,183.0,183.0,142.0,0.0
71,field,13,23.0,255.0,186.0,186.0,143.0,0.0
71,field,14,23.0,255.0,189.0,189.0,147.0,0.0
71,forest,15,38.0,182.0,32.0,24.0,32.0,9.0
71,field,16,23.0,255.0,180.0,180.0,138.0,0.0
71,forest,17,39.0,209.0,36.0,24.0,35.0,6.0
71,forest,18,38.0,185.0,35.0,26.0,35.0,9.0
71,field,19,23.0,254.0,189.0,189.0,144.0,1.0
71,forest,20,38.0,202.0,31.0,21.0,30.0,6.0
71,forest,21,36.0,198.0,35.0,26.0,35.0,7.0
71,forest,22,38.0,195.0,33.0,24.0,33.0,8.0
71,forest,23,38.0,177.0,33.0,24.0,32.0,9.0
71,home,24,17.0,109.0,79.0,79.0,62.0,46.0
72,grassland,0,38.0,249.0,115.0,82.0,115.0,3.0
72,grassland,1,38.0,246.0,118.0,88.0,118.0,4.0
72,lake,2,107.0,255.0,136.0,0.0,58.0,136.0
72,field,3,23.0,252.0,184.0,184.0,142.0,2.0
72,swamp,4,18.0,77.0,115.0,115.0,102.0,79.0
72,forest,5,31.0,206.0,43.0,40.0,36.0,7.0
72,grassland,6,38.0,238.0,114.0,86.0,114.0,8.0
72,grassland,7,37.0,245.0,114.0,88.0,114.0,5.0
72,field,8,23.0,248.0,174.0,174.0,133.0,4.0
72,field,9,23.0,232.0,179.0,179.0,138.0,16.0
72,forest,10,40.0,204.0,34.0,23.0,33.0,6.0
72,grassland,11,37.0,235.0,112.0,88.0,112.0,9.0
72,grassland,12,32.0,236.0,109.0,100.0,97.0,8.0
72,field,13,23.0,252.0,186.0,186.0,144.0,2.0
72,home,14,23.0,113.0,79.0,74.0,69.0,43.0
72,lake,15,107.0,248.0,120.0,4.0,54.0,120.0
72,grassland,16,35.0,201.0,100.0,85.0,94.0,20.0
72,grassland,17,35.0,223.0,111.0,93.0,103.0,14.0
72,field,18,23.0,248.0,189.0,189.0,147.0,5.0
72,field,19,23.0,244.0,188.0,188.0,146.0,8.0
72,lake,20,106.0,253.0,153.0,1.0,73.0,153.0
72,grassland,21,33.0,195.0,116.0,108.0,103.0,26.0
72,grassland,22,40.0,215.0,124.0,89.0,124.0,19.0
72,grassland,23,38.0,200.0,130.0,102.0,130.0,28.0
72,grassland,24,39.0,185.0,121.0,95.0,121.0,34.0
73,field,0,23.0,239.0,186.0,186.0,145.0,12.0
73,field,1,23.0,238.0,194.0,194.0,152.0,13.0
73,field,2,23.0,243.0,192.0,192.0,151.0,9.0
73,field,3,23.0,251.0,190.0,190.0,148.0,3.0
73,field,4,22.0,238.0,177.0,177.0,137.0,11.0
73,swamp,5,17.0,120.0,125.0,125.0,101.0,66.0
73,mine,6,20.0,81.0,37.0,37.0,29.0,21.0
73,mine,7,19.0,142.0,82.0,82.0,40.0,22.0
73,mine,8,19.0,117.0,45.0,45.0,24.0,16.0
73,mine,9,19.0,85.0,36.0,36.0,29.0,21.0
73,swamp,10,18.0,154.0,115.0,115.0,88.0,46.0
73,mine,11,19.0,108.5,45.0,45.0,29.0,18.0
73,mine,12,19.0,107.0,47.0,47.0,31.0,20.0
73,swamp,13,17.0,167.0,94.0,94.0,68.0,30.0
73,field,14,23.0,255.0,191.0,191.0,148.0,0.0
73,swamp,15,18.0,158.0,103.0,103.0,78.0,37.0
73,field,16,23.0,254.0,199.0,199.0,155.0,1.0
73,swamp,17,18.0,148.0,122.0,122.0,97.0,51.0
73,swamp,18,18.0,155.0,97.0,96.0,73.0,35.0
73,grassland,19,35.0,230.0,123.0,103.0,123.0,12.0
73,swamp,20,20.0,136.0,123.0,123.0,100.0,55.0
73,swamp,21,18.0,181.0,112.0,112.0,79.0,31.0
73,swamp,22,18.0,169.0,103.0,103.0,78.0,35.0
73,grassland,23,36.0,244.0,122.0,97.0,120.0,5.0
73,home,24,22.0,162.0,93.0,92.0,76.0,33.0
